PlayerID,FullName,YearID,WARYearOne,WARYearTwo,WARYearThree,WARYearFour,WARYearFive,WARYearSix
5,Jarrett Parker,2011,,,,,0.9,0.5
5,Jarrett Parker,2012,,,,0.9,0.5,0.3
6,Xavier Avery,2009,,,,-0.1,,
6,Xavier Avery,2010,,,-0.1,,,
6,Xavier Avery,2011,,-0.1,,,,
6,Xavier Avery,2012,-0.1,,,,,
6,Xavier Avery,2013,,,,,,
14,Dave Sappelt,2011,0.3,0.7,-0.4,,,
14,Dave Sappelt,2012,0.7,-0.4,,,,
20,Cord Sandberg,2014,,,,,,
23,Michael Restovich,2001,,-0.1,0.3,-0.2,-0.3,-0.1
23,Michael Restovich,2002,-0.1,0.3,-0.2,-0.3,-0.1,-0.4
23,Michael Restovich,2003,0.3,-0.2,-0.3,-0.1,-0.4,
23,Michael Restovich,2004,-0.2,-0.3,-0.1,-0.4,,
23,Michael Restovich,2005,-0.3,-0.1,-0.4,,,
27,Robby Hefflinger,2013,,,,,,
27,Robby Hefflinger,2014,,,,,,
30,Mike Fish,2014,,,,,,
38,John Raynor,2007,,,,0.0,,
38,John Raynor,2008,,,0.0,,,
38,John Raynor,2009,,0.0,,,,
38,John Raynor,2010,0.0,,,,,
42,Kevin Pillar,2013,-0.2,0.4,3.7,2.4,2.0,2.0
42,Kevin Pillar,2014,0.4,3.7,2.4,2.0,2.0,1.5
54,Kris Harvey,2006,,,,,,
54,Kris Harvey,2007,,,,,,
55,Josh Womack,2004,,,,,,
57,Jamar Walton,2005,,,,,,
61,Trent Mummey,2011,,,,,,
61,Trent Mummey,2012,,,,,,
67,Scott Thorman,2007,-1.0,,,,,
73,Danny Carroll,2008,,,,,,
73,Danny Carroll,2009,,,,,,
80,Kevin Mench,2001,,1.1,0.5,3.7,2.7,-0.2
80,Kevin Mench,2002,1.1,0.5,3.7,2.7,-0.2,1.1
81,Jackson Melian,2001,,,,,,
81,Jackson Melian,2002,,,,,,
88,Kyle Hudson,2010,,-0.5,,,,
88,Kyle Hudson,2012,,,,,,
94,Jonathan Reynoso,2013,,,,,,
94,Jonathan Reynoso,2014,,,,,,
101,Jeff Francoeur,2003,,,3.0,0.7,3.3,-1.3
101,Jeff Francoeur,2004,,3.0,0.7,3.3,-1.3,0.0
101,Jeff Francoeur,2005,3.0,0.7,3.3,-1.3,0.0,0.3
103,Estee Harris,2004,,,,,,
104,Matt LaPorta,2008,,0.2,-0.7,-0.6,-0.1,
104,Matt LaPorta,2009,0.2,-0.7,-0.6,-0.1,,
107,Kent Matthes,2010,,,,,,
107,Kent Matthes,2012,,,,,,
107,Kent Matthes,2013,,,,,,
109,Jon Edwards,2007,,,,,,
112,Danry Vasquez,2011,,,,,,
112,Danry Vasquez,2012,,,,,,
112,Danry Vasquez,2013,,,,,,
112,Danry Vasquez,2014,,,,,,
119,Junior Arias,2014,,,,,,
120,Chevy Clarke,2011,,,,,,
122,Juan Silvestre,2001,,,,,,
125,Candido Martinez,2002,,,,,,
136,Hilton Richardson,2010,,,,,,
147,Reggie Taylor,2001,0.0,0.4,-0.2,,-0.1,
147,Reggie Taylor,2002,0.4,-0.2,,-0.1,,
153,Steve Moss,2003,,,,,,
153,Steve Moss,2004,,,,,,
153,Steve Moss,2005,,,,,,
153,Steve Moss,2006,,,,,,
165,Jason Belcher,2003,,,,,,
165,Jason Belcher,2004,,,,,,
181,Stefan Gartrell,2010,,,,,,
186,Adrian Ortiz,2009,,,,,,
189,Aaron Altherr,2011,,,,-0.1,1.5,-0.4
189,Aaron Altherr,2012,,,-0.1,1.5,-0.4,1.4
189,Aaron Altherr,2013,,-0.1,1.5,-0.4,1.4,-0.5
189,Aaron Altherr,2014,-0.1,1.5,-0.4,1.4,-0.5,-0.9
190,Stephen Piscotty,2013,,,1.4,1.9,0.4,3.1
190,Stephen Piscotty,2014,,1.4,1.9,0.4,3.1,0.6
191,Jose Urena,2014,,,,,,
195,Matt Holliday,2001,,,,1.3,2.6,3.5
195,Matt Holliday,2002,,,1.3,2.6,3.5,6.9
195,Matt Holliday,2003,,1.3,2.6,3.5,6.9,5.9
195,Matt Holliday,2004,1.3,2.6,3.5,6.9,5.9,5.4
203,Jacob Scavuzzo,2014,,,,,,
206,Jack Cust,2001,0.1,-0.6,0.2,0.0,,0.0
206,Jack Cust,2002,-0.6,0.2,0.0,,0.0,2.8
206,Jack Cust,2003,0.2,0.0,,0.0,2.8,2.1
209,Jon Nelson,2003,,,,,,
215,Mark Trumbo,2010,-0.2,1.8,2.8,1.7,-0.5,1.1
215,Mark Trumbo,2011,1.8,2.8,1.7,-0.5,1.1,2.2
222,T.J. Bohn,2006,-0.2,,0.3,,,
226,Jai Miller,2004,,,,,0.0,
226,Jai Miller,2005,,,,0.0,,0.2
226,Jai Miller,2008,0.0,,0.2,0.0,,
226,Jai Miller,2010,0.2,0.0,,,,
231,Pete Hissey,2009,,,,,,
234,Ty Linton,2011,,,,,,
234,Ty Linton,2012,,,,,,
236,Jake Skole,2011,,,,,,
236,Jake Skole,2012,,,,,,
241,Andrew Lopez,2006,,,,,,
250,Jaisen Randolph,2001,,,,,,
251,Elvin Andujar,2001,,,,,,
252,Terry Evans,2007,0.1,,0.0,0.0,,
252,Terry Evans,2008,,0.0,0.0,,,
255,James Darnell,2012,0.0,,,,,
255,James Darnell,2013,,,,,,
258,Ronnie Welty,2011,,,,,,
261,John Rodriguez,2002,,,,0.4,0.6,
266,Freddy Guzman,2003,,0.0,,0.1,0.0,
266,Freddy Guzman,2004,0.0,,0.1,0.0,,0.0
266,Freddy Guzman,2005,,0.1,0.0,,0.0,
266,Freddy Guzman,2006,0.1,0.0,,0.0,,
266,Freddy Guzman,2007,0.0,,0.0,,,
266,Freddy Guzman,2008,,0.0,,,,0.0
275,David Lough,2008,,,,,-0.2,1.8
275,David Lough,2009,,,,-0.2,1.8,1.2
275,David Lough,2010,,,-0.2,1.8,1.2,-0.3
275,David Lough,2011,,-0.2,1.8,1.2,-0.3,0.0
275,David Lough,2012,-0.2,1.8,1.2,-0.3,0.0,
275,David Lough,2013,1.8,1.2,-0.3,0.0,,
282,Rafael Boitel,2001,,,,,,
287,Roger Kieschnick,2009,,,,,-0.3,-0.4
287,Roger Kieschnick,2010,,,,-0.3,-0.4,
287,Roger Kieschnick,2011,,,-0.3,-0.4,,
287,Roger Kieschnick,2012,,-0.3,-0.4,,,
287,Roger Kieschnick,2013,-0.3,-0.4,,,,
287,Roger Kieschnick,2014,-0.4,,,,,
290,Tim Wheeler,2010,,,,,,
290,Tim Wheeler,2011,,,,,,
290,Tim Wheeler,2012,,,,,,
290,Tim Wheeler,2013,,,,,,
300,Vince Faison,2001,,,,,,
300,Vince Faison,2002,,,,,,
300,Vince Faison,2003,,,,,,
303,Scott Cousins,2008,,,0.5,0.0,-0.6,-0.1
303,Scott Cousins,2009,,0.5,0.0,-0.6,-0.1,
303,Scott Cousins,2010,0.5,0.0,-0.6,-0.1,,
303,Scott Cousins,2011,0.0,-0.6,-0.1,,,
303,Scott Cousins,2012,-0.6,-0.1,,,,
307,Yefri Carvajal,2006,,,,,,
307,Yefri Carvajal,2007,,,,,,
307,Yefri Carvajal,2008,,,,,,
310,D'Vone McClure,2013,,,,,,
312,Tyrone Taylor,2013,,,,,,
312,Tyrone Taylor,2014,,,,,,0.1
318,Wily Mo Pena,2001,,0.0,-0.3,1.9,-0.4,1.0
318,Wily Mo Pena,2002,0.0,-0.3,1.9,-0.4,1.0,-0.1
318,Wily Mo Pena,2003,-0.3,1.9,-0.4,1.0,-0.1,-1.5
319,Jason Stokes,2001,,,,,,
319,Jason Stokes,2002,,,,,,
327,Daniel Fields,2011,,,,,-0.1,
327,Daniel Fields,2012,,,,-0.1,,
327,Daniel Fields,2013,,,-0.1,,,
327,Daniel Fields,2014,,-0.1,,,,
330,Jacob May,2014,,,,-0.7,,
334,Gustavo Cabrera,2013,,,,,,
342,Cyle Hankerd,2007,,,,,,
342,Cyle Hankerd,2008,,,,,,
342,Cyle Hankerd,2009,,,,,,
344,Andy Dirks,2011,0.2,1.8,1.1,,,
366,Andres Torres,2001,,-0.6,-0.4,0.0,-0.1,
366,Andres Torres,2002,-0.6,-0.4,0.0,-0.1,,
366,Andres Torres,2003,-0.4,0.0,-0.1,,,
368,Kenny Kelly,2001,,,,,-0.2,
368,Kenny Kelly,2002,,,,-0.2,,
368,Kenny Kelly,2003,,,-0.2,,,
369,James Shanks,2003,,,,,,
371,Antonio Perez,2001,,,0.8,-0.1,0.9,-1.3
378,Trey George,2002,,,,,,
383,Josh Prince,2013,-0.1,,,,,
384,Johermyn Chavez,2007,,,,,,
384,Johermyn Chavez,2008,,,,,,
384,Johermyn Chavez,2010,,,,,,
384,Johermyn Chavez,2011,,,,,,
384,Johermyn Chavez,2012,,,,,,
387,Thomas Milone,2014,,,,,,
388,Jason Conti,2001,0.0,1.0,-0.2,-0.2,,
400,Matt Spencer,2008,,,,,,
405,Aaron Shipman,2011,,,,,,
405,Aaron Shipman,2012,,,,,,
405,Aaron Shipman,2013,,,,,,
405,Aaron Shipman,2014,,,,,,
407,Tsuyoshi Shinjo,2001,1.7,1.3,-0.2,,,
413,Brendan Katin,2007,,,,,,
413,Brendan Katin,2008,,,,,,
416,Brandon Guyer,2009,,,0.3,0.0,,1.7
416,Brandon Guyer,2011,0.3,0.0,,1.7,1.9,1.4
416,Brandon Guyer,2012,0.0,,1.7,1.9,1.4,-0.1
421,Jeremy Rathjen,2013,,,,,,
422,Hunter Renfroe,2014,,,0.6,0.2,1.6,1.9
435,Wesley Freeman,2009,,,,,,
441,Corey Coles,2007,,,,,,
443,Jeremy Hermida,2003,,,0.8,-0.6,2.2,-0.1
443,Jeremy Hermida,2004,,0.8,-0.6,2.2,-0.1,0.0
443,Jeremy Hermida,2005,0.8,-0.6,2.2,-0.1,0.0,-0.9
443,Jeremy Hermida,2006,-0.6,2.2,-0.1,0.0,-0.9,0.4
445,Nick Evans,2009,-0.5,0.0,0.5,,,0.3
454,Kenny Wilson,2009,,,,,,
454,Kenny Wilson,2010,,,,,,
454,Kenny Wilson,2014,,,,,,
462,Melky Mesa,2010,,,0.0,0.2,,
462,Melky Mesa,2011,,0.0,0.2,,,
462,Melky Mesa,2013,0.2,,,,,
476,Colin Curtis,2007,,,,-0.5,,
476,Colin Curtis,2008,,,-0.5,,,
479,Austin Jackson,2006,,,,,4.1,2.5
479,Austin Jackson,2007,,,,4.1,2.5,5.1
479,Austin Jackson,2008,,,4.1,2.5,5.1,3.2
479,Austin Jackson,2009,,4.1,2.5,5.1,3.2,1.1
479,Austin Jackson,2010,4.1,2.5,5.1,3.2,1.1,1.8
480,Joe Mahoney,2011,,-0.1,0.0,,,
489,Arturo Rivas,2003,,,,,,
489,Arturo Rivas,2006,,,,,,
492,Travis Snider,2007,,0.4,-0.1,1.2,0.1,0.3
492,Travis Snider,2008,0.4,-0.1,1.2,0.1,0.3,-0.3
492,Travis Snider,2009,-0.1,1.2,0.1,0.3,-0.3,1.6
497,Phillips Castillo,2011,,,,,,
497,Phillips Castillo,2012,,,,,,
500,Skip Schumaker,2003,,,-0.3,-0.3,0.2,1.8
500,Skip Schumaker,2004,,-0.3,-0.3,0.2,1.8,1.5
500,Skip Schumaker,2005,-0.3,-0.3,0.2,1.8,1.5,-0.6
500,Skip Schumaker,2006,-0.3,0.2,1.8,1.5,-0.6,0.2
500,Skip Schumaker,2007,0.2,1.8,1.5,-0.6,0.2,0.8
501,B.J. Garbe,2001,,,,,,
501,B.J. Garbe,2002,,,,,,
501,B.J. Garbe,2003,,,,,,
504,Lucas Duda,2008,,,-0.3,0.8,-0.7,0.6
504,Lucas Duda,2011,0.8,-0.7,0.6,3.1,3.2,0.1
505,Quincy Latimore,2008,,,,,,
505,Quincy Latimore,2011,,,,,,
519,Tim Fedroff,2009,,,,,,
519,Tim Fedroff,2013,,,,,,
521,Raimel Tapia,2014,,,0.0,-0.1,0.0,-0.9
523,Abraham Nunez,2001,,-0.3,,-0.6,,
523,Abraham Nunez,2002,-0.3,,-0.6,,,
523,Abraham Nunez,2003,,-0.6,,,,
526,Brett Roneberg,2002,,,,,,
527,Jereme Milons,2005,,,,,,
527,Jereme Milons,2006,,,,,,
536,Shawon Dunston,2012,,,,,,
537,Kolby Copeland,2013,,,,,,
539,Roscoe Crosby,2002,,,,,,
539,Roscoe Crosby,2003,,,,,,
545,Kyeon Kang,2009,,,,,,
546,Donald Lutz,2013,-0.1,-0.3,,,,
546,Donald Lutz,2014,-0.3,,,,,
557,Lorvin Louisa,2001,,,,,,
562,Austin Wilson,2014,,,,,,
569,Vince Blue,2006,,,,,,
572,Felix Pie,2003,,,,,0.4,-0.2
572,Felix Pie,2004,,,,0.4,-0.2,1.0
572,Felix Pie,2005,,,0.4,-0.2,1.0,0.4
572,Felix Pie,2006,,0.4,-0.2,1.0,0.4,-2.2
572,Felix Pie,2007,0.4,-0.2,1.0,0.4,-2.2,
583,Jacob Butler,2006,,,,,,
588,Jake Smolinski,2008,,,,,,
588,Jake Smolinski,2011,,,,0.9,0.4,-0.4
594,Michael Ratterree,2014,,,,,,
600,Jon Poterson,2005,,,,,,
607,Larry Greene,2012,,,,,,
607,Larry Greene,2013,,,,,,
608,Max Kepler,2010,,,,,,-0.1
608,Max Kepler,2011,,,,,-0.1,1.3
608,Max Kepler,2012,,,,-0.1,1.3,1.5
608,Max Kepler,2013,,,-0.1,1.3,1.5,2.7
608,Max Kepler,2014,,-0.1,1.3,1.5,2.7,4.4
617,Chris Errecart,2007,,,,,,
620,David Christensen,2007,,,,,,
626,Adam Stern,2002,,,,-0.1,-0.3,0.0
626,Adam Stern,2005,-0.1,-0.3,0.0,,,-0.3
626,Adam Stern,2006,-0.3,0.0,,,-0.3,
626,Adam Stern,2007,0.0,,,-0.3,,
628,Onil Joseph,2004,,,,,,
631,Todd Frazier,2010,,0.7,2.5,2.9,4.5,4.3
631,Todd Frazier,2011,0.7,2.5,2.9,4.5,4.3,2.8
631,Todd Frazier,2012,2.5,2.9,4.5,4.3,2.8,3.2
634,Mike O'Neill,2013,,,,,,
634,Mike O'Neill,2014,,,,,,
638,Reymond Fuentes,2010,,,,-0.1,,
638,Reymond Fuentes,2011,,,-0.1,,,-0.2
638,Reymond Fuentes,2012,,-0.1,,,-0.2,-0.2
638,Reymond Fuentes,2014,,,-0.2,-0.2,,
652,Henry Urrutia,2013,-0.3,,0.0,,,
652,Henry Urrutia,2014,,0.0,,,,
659,Julio Morban,2009,,,,,,
659,Julio Morban,2010,,,,,,
659,Julio Morban,2013,,,,,,
659,Julio Morban,2014,,,,,,
670,Reydel Medina,2014,,,,,,
674,Mike Curry,2001,,,,,,
682,Nate Schierholtz,2005,,,0.1,1.2,0.8,0.7
682,Nate Schierholtz,2006,,0.1,1.2,0.8,0.7,1.3
682,Nate Schierholtz,2007,0.1,1.2,0.8,0.7,1.3,0.6
682,Nate Schierholtz,2008,1.2,0.8,0.7,1.3,0.6,1.5
687,Mark Canha,2012,,,,1.3,-0.5,-0.6
690,Eric Byrnes,2001,0.2,0.1,1.5,3.6,0.6,2.9
690,Eric Byrnes,2002,0.1,1.5,3.6,0.6,2.9,3.6
693,Jerry Owens,2004,,,0.1,0.8,0.1,0.0
693,Jerry Owens,2005,,0.1,0.8,0.1,0.0,
693,Jerry Owens,2006,0.1,0.8,0.1,0.0,,
693,Jerry Owens,2007,0.8,0.1,0.0,,,
695,Greg Nash,2001,,,,,,
706,Josh Willingham,2003,,0.0,0.1,1.9,1.8,2.6
710,Danny Santiesteban,2006,,,,,,
719,Alex Rios,2001,,,,1.9,0.9,3.5
719,Alex Rios,2002,,,1.9,0.9,3.5,5.2
719,Alex Rios,2003,,1.9,0.9,3.5,5.2,5.5
719,Alex Rios,2004,1.9,0.9,3.5,5.2,5.5,0.0
720,Brian Bogusevic,2009,,-0.2,2.1,-0.5,0.9,
720,Brian Bogusevic,2010,-0.2,2.1,-0.5,0.9,,0.3
720,Brian Bogusevic,2011,2.1,-0.5,0.9,,0.3,
725,Paco Figueroa,2006,,,,,,
729,Josh Reddick,2008,,-0.3,0.1,2.0,3.7,2.3
729,Josh Reddick,2009,-0.3,0.1,2.0,3.7,2.3,2.1
729,Josh Reddick,2010,0.1,2.0,3.7,2.3,2.1,2.8
729,Josh Reddick,2011,2.0,3.7,2.3,2.1,2.8,1.3
735,Donzell McDonald,2001,0.0,-0.2,,,,
737,Ryan Langerhans,2002,-0.1,0.0,,2.5,1.2,-1.2
737,Ryan Langerhans,2003,0.0,,2.5,1.2,-1.2,1.0
737,Ryan Langerhans,2004,,2.5,1.2,-1.2,1.0,0.7
737,Ryan Langerhans,2005,2.5,1.2,-1.2,1.0,0.7,0.7
744,Ryan Sweeney,2004,,,-0.3,-0.1,2.2,3.8
744,Ryan Sweeney,2005,,-0.3,-0.1,2.2,3.8,0.8
744,Ryan Sweeney,2006,-0.3,-0.1,2.2,3.8,0.8,0.0
744,Ryan Sweeney,2007,-0.1,2.2,3.8,0.8,0.0,0.7
744,Ryan Sweeney,2008,2.2,3.8,0.8,0.0,0.7,0.9
745,Julio Borbon,2008,,0.6,1.2,0.0,,-0.2
745,Julio Borbon,2009,0.6,1.2,0.0,,-0.2,
746,Telvin Nash,2010,,,,,,
746,Telvin Nash,2011,,,,,,
746,Telvin Nash,2012,,,,,,
749,Brandon Berger,2002,-0.4,-0.3,-0.4,,,
751,Rene Reyes,2002,,0.6,-0.4,,,
751,Rene Reyes,2003,0.6,-0.4,,,,
751,Rene Reyes,2004,-0.4,,,,,
754,Franklin Gutierrez,2003,,,0.1,0.1,1.8,2.1
754,Franklin Gutierrez,2004,,0.1,0.1,1.8,2.1,6.1
754,Franklin Gutierrez,2005,0.1,0.1,1.8,2.1,6.1,2.2
754,Franklin Gutierrez,2006,0.1,1.8,2.1,6.1,2.2,1.1
757,Chih-Hsien Chiang,2012,,,,,,
760,Jack Marder,2013,,,,,,
766,Dee Haynes,2003,,,,,,
766,Dee Haynes,2004,,,,,,
770,Ramon Nivar,2004,-0.1,0.2,,,,
770,Ramon Nivar,2005,0.2,,,,,
772,Josh Gray,2001,,,,,,
772,Josh Gray,2002,,,,,,
773,Kelly Johnson,2005,1.5,,3.4,2.6,0.5,5.3
775,Jeff Corsaletti,2006,,,,,,
785,Carlos Peguero,2007,,,,,-0.2,-0.2
785,Carlos Peguero,2008,,,,-0.2,-0.2,0.1
785,Carlos Peguero,2009,,,-0.2,-0.2,0.1,0.1
785,Carlos Peguero,2011,-0.2,-0.2,0.1,0.1,0.6,
791,Chris Aguila,2001,,,,0.0,-0.4,-0.2
791,Chris Aguila,2004,0.0,-0.4,-0.2,,-0.1,
791,Chris Aguila,2005,-0.4,-0.2,,-0.1,,
796,Sergio Pedroza,2007,,,,,,
798,Jaff Decker,2009,,,,,-0.3,-0.1
798,Jaff Decker,2010,,,,-0.3,-0.1,-0.1
798,Jaff Decker,2011,,,-0.3,-0.1,-0.1,-0.6
798,Jaff Decker,2012,,-0.3,-0.1,-0.1,-0.6,-0.2
798,Jaff Decker,2013,-0.3,-0.1,-0.1,-0.6,-0.2,
798,Jaff Decker,2014,-0.1,-0.1,-0.6,-0.2,,
801,Elpidio Guzman,2001,,,,,,
801,Elpidio Guzman,2002,,,,,,
803,Dewayne Wise,2001,,-0.5,,0.3,,-0.5
806,Paul McAnulty,2005,0.0,0.1,0.0,-0.2,,-0.1
806,Paul McAnulty,2006,0.1,0.0,-0.2,,-0.1,
813,Sean Ratliff,2010,,,,,,
814,Chris Parmelee,2007,,,,,1.1,-0.2
814,Chris Parmelee,2008,,,,1.1,-0.2,-0.1
814,Chris Parmelee,2009,,,1.1,-0.2,-0.1,0.1
814,Chris Parmelee,2010,,1.1,-0.2,-0.1,0.1,0.0
814,Chris Parmelee,2011,1.1,-0.2,-0.1,0.1,0.0,0.3
814,Chris Parmelee,2012,-0.2,-0.1,0.1,0.0,0.3,
815,Taiwan Easterling,2012,,,,,,
817,Brenden Webb,2013,,,,,,
823,Xavier Paul,2004,,,,,,0.0
823,Xavier Paul,2005,,,,,0.0,-0.3
823,Xavier Paul,2006,,,,0.0,-0.3,-0.3
823,Xavier Paul,2007,,,0.0,-0.3,-0.3,0.5
823,Xavier Paul,2008,,0.0,-0.3,-0.3,0.5,0.0
823,Xavier Paul,2009,0.0,-0.3,-0.3,0.5,0.0,-0.3
823,Xavier Paul,2010,-0.3,-0.3,0.5,0.0,-0.3,
827,Jorge Soler,2013,,0.7,0.3,0.8,-0.9,0.9
827,Jorge Soler,2014,0.7,0.3,0.8,-0.9,0.9,3.6
832,Ty Wright,2009,,,,,,
834,Dustin Ackley,2010,,3.0,2.1,1.2,1.3,-0.2
845,Denard Span,2003,,,,,,3.2
845,Denard Span,2004,,,,,3.2,4.1
845,Denard Span,2005,,,,3.2,4.1,2.7
845,Denard Span,2006,,,3.2,4.1,2.7,1.9
845,Denard Span,2007,,3.2,4.1,2.7,1.9,3.2
845,Denard Span,2008,3.2,4.1,2.7,1.9,3.2,3.2
851,Francisco Sosa,2014,,,,,,
855,Franklin Barreto,2013,,,,,-0.1,0.3
860,Reg Fitzpatrick,2003,,,,,,
862,Trent Oeltjen,2002,,,,,,
862,Trent Oeltjen,2003,,,,,,
862,Trent Oeltjen,2004,,,,,,0.1
870,Micah Hoffpauir,2009,0.0,-0.5,,,,
871,Lorenzo Scott,2004,,,,,,
871,Lorenzo Scott,2005,,,,,,
875,Tyreace House,2010,,,,,,
878,Jay Gibbons,2001,0.7,1.6,0.9,-0.2,2.3,-0.1
895,Matt Diaz,2004,-0.1,-0.4,1.8,2.3,-0.8,2.2
895,Matt Diaz,2005,-0.4,1.8,2.3,-0.8,2.2,0.3
907,Kes Carter,2012,,,,,,
921,Nick Castellanos,2013,-0.1,0.4,0.5,2.4,1.5,3.0
921,Nick Castellanos,2014,0.4,0.5,2.4,1.5,3.0,2.8
924,Doug Clark,2001,,,,,-0.1,-0.1
931,Joe Benson,2007,,,,,-0.2,
931,Joe Benson,2008,,,,-0.2,,
931,Joe Benson,2009,,,-0.2,,,
931,Joe Benson,2010,,-0.2,,,,
931,Joe Benson,2011,-0.2,,,,,
931,Joe Benson,2012,,,,,,
931,Joe Benson,2013,,,,,,
934,L.J. Hoes,2012,0.0,0.0,-0.7,0.0,,
934,L.J. Hoes,2013,0.0,-0.7,0.0,,,
937,Marcus Thames,2001,,0.0,0.0,1.5,-0.6,1.7
937,Marcus Thames,2002,0.0,0.0,1.5,-0.6,1.7,0.5
937,Marcus Thames,2003,0.0,1.5,-0.6,1.7,0.5,-0.6
943,Leonys Martin,2012,-0.2,2.9,3.6,0.7,2.4,-0.4
943,Leonys Martin,2013,2.9,3.6,0.7,2.4,-0.4,2.4
944,Bobby Coyle,2013,,,,,,
953,Drew Macias,2006,,0.0,0.1,-0.2,,
955,Jose Duarte,2006,,,,,,
955,Jose Duarte,2008,,,,,,
961,Ryan Freel,2001,0.0,,1.0,2.6,2.3,3.8
962,Matt Bowser,2002,,,,,,
966,Erik Lis,2008,,,,,,
968,Tommy Pham,2014,0.0,1.6,0.4,6.2,4.1,3.3
969,Estarlin Martinez,2013,,,,,,
971,Rafael Bautista,2014,,,,-0.3,-0.1,
972,Joey Curletta,2013,,,,,,
975,Francisco Santos,2003,-0.1,,,,,
976,Justin Leone,2005,,0.0,,,,
991,Tike Redman,2001,-0.4,,1.7,1.0,-0.7,
992,Mario Valenzuela,2002,,,,,,
999,Cedric Hunter,2007,,,,,-0.1,
999,Cedric Hunter,2008,,,,-0.1,,
999,Cedric Hunter,2009,,,-0.1,,,
999,Cedric Hunter,2010,,-0.1,,,,
1000,Tyler Holt,2011,,,,0.3,-0.3,-0.6
1001,Dayan Viciedo,2009,,0.2,0.0,0.8,0.5,-0.9
1005,Kevin Reese,2003,,,-0.1,-0.1,,
1005,Kevin Reese,2006,-0.1,,,,,
1010,Brian Anderson,2004,,0.0,0.1,-0.5,0.4,-0.1
1010,Brian Anderson,2005,0.0,0.1,-0.5,0.4,-0.1,
1010,Brian Anderson,2006,0.1,-0.5,0.4,-0.1,,
1025,Mike Spidale,2005,,,,,,
1028,Anderson Gomes,2007,,,,,,
1031,Jay Sitzman,2001,,,,,,
1033,Byron Gettis,2001,,,,-0.6,,
1033,Byron Gettis,2002,,,-0.6,,,
1033,Byron Gettis,2003,,-0.6,,,,
1033,Byron Gettis,2004,-0.6,,,,,
1033,Byron Gettis,2005,,,,,,
1035,Brandon Sing,2003,,,,,,
1035,Brandon Sing,2006,,,,,,
1037,Jason Rogers,2014,-0.2,0.7,-0.1,,,
1044,Evan Marzilli,2013,,,,,,
1047,Eli Iorg,2006,,,,,,
1047,Eli Iorg,2007,,,,,,
1047,Eli Iorg,2008,,,,,,
1047,Eli Iorg,2009,,,,,,
1050,Steven Hill,2009,,0.1,,-0.1,,
1050,Steven Hill,2010,0.1,,-0.1,,,
1051,Adam Milligan,2010,,,,,,
1051,Adam Milligan,2011,,,,,,
1051,Adam Milligan,2012,,,,,,
1056,Bobby Vaz,2001,,,,,,
1059,Ntema Ndungidi,2001,,,,,,
1061,Freddie Bynum,2005,0.1,0.0,0.4,-0.9,,
1061,Freddie Bynum,2006,0.0,0.4,-0.9,,,
1064,Jon Jay,2007,,,,1.1,2.3,2.9
1064,Jon Jay,2008,,,1.1,2.3,2.9,1.8
1064,Jon Jay,2009,,1.1,2.3,2.9,1.8,1.7
1064,Jon Jay,2010,1.1,2.3,2.9,1.8,1.7,-0.3
1069,Kevin Keyes,2012,,,,,,
1073,Trayce Thompson,2010,,,,,,1.4
1073,Trayce Thompson,2011,,,,,1.4,0.8
1073,Trayce Thompson,2012,,,,1.4,0.8,-0.5
1073,Trayce Thompson,2013,,,1.4,0.8,-0.5,-1.3
1073,Trayce Thompson,2014,,1.4,0.8,-0.5,-1.3,
1078,Curtis Granderson,2003,,0.1,1.1,4.0,7.9,4.1
1078,Curtis Granderson,2004,0.1,1.1,4.0,7.9,4.1,3.0
1078,Curtis Granderson,2005,1.1,4.0,7.9,4.1,3.0,4.0
1080,James Boone,2006,,,,,,
1080,James Boone,2007,,,,,,
1086,Jeff Gelalich,2013,,,,,,
1091,Robb Quinlan,2003,-0.3,1.1,0.0,1.0,-0.3,-0.5
1096,Brian McFall,2005,,,,,,
1098,Chris Davis,2007,,0.8,-0.5,-0.7,-0.5,1.9
1100,Wendell Fairley,2008,,,,,,
1100,Wendell Fairley,2009,,,,,,
1101,Juan Lagares,2012,,2.3,2.9,0.6,0.4,1.5
1105,Terrmel Sledge,2002,,,1.8,0.0,-0.2,-0.3
1105,Terrmel Sledge,2003,,1.8,0.0,-0.2,-0.3,
1105,Terrmel Sledge,2004,1.8,0.0,-0.2,-0.3,,
1120,Leury Garcia,2014,-1.4,-0.1,0.0,1.2,0.1,1.3
1126,Ambiorix Concepcion,2005,,,,,,
1126,Ambiorix Concepcion,2006,,,,,,
1127,Ryan Goleski,2005,,,,,,
1127,Ryan Goleski,2007,,,,,,
1130,Matt Downs,2009,-0.2,0.3,1.2,-0.4,,
1135,Josh Elander,2014,,,,,,
1145,Todd Cunningham,2011,,,-0.1,,0.0,-0.1
1145,Todd Cunningham,2012,,-0.1,,0.0,-0.1,
1145,Todd Cunningham,2013,-0.1,,0.0,-0.1,,
1145,Todd Cunningham,2014,,0.0,-0.1,,,
1152,Warner Madrigal,2004,,,,,0.2,-0.2
1152,Warner Madrigal,2005,,,,0.2,-0.2,
1158,Andrew Aplin,2013,,,,,,
1158,Andrew Aplin,2014,,,,,,
1169,Mike McBryde,2007,,,,,,
1169,Mike McBryde,2008,,,,,,
1169,Mike McBryde,2009,,,,,,
1169,Mike McBryde,2010,,,,,,
1170,Dexter Fowler,2005,,,,-0.3,0.7,1.0
1170,Dexter Fowler,2006,,,-0.3,0.7,1.0,2.1
1170,Dexter Fowler,2007,,-0.3,0.7,1.0,2.1,3.0
1170,Dexter Fowler,2008,-0.3,0.7,1.0,2.1,3.0,1.9
1170,Dexter Fowler,2009,0.7,1.0,2.1,3.0,1.9,2.1
1191,Jim Rushford,2002,-1.0,,,,,
1193,Norris Hopper,2007,2.3,-0.6,,,,
1195,Corey Hart,2004,0.0,-0.3,0.3,4.2,0.8,0.5
1195,Corey Hart,2005,-0.3,0.3,4.2,0.8,0.5,2.9
1195,Corey Hart,2006,0.3,4.2,0.8,0.5,2.9,3.7
1202,Chris Lubanski,2004,,,,,,
1202,Chris Lubanski,2005,,,,,,
1202,Chris Lubanski,2006,,,,,,
1202,Chris Lubanski,2007,,,,,,
1202,Chris Lubanski,2008,,,,,,
1205,Josh Fellhauer,2010,,,,,,
1206,Evan Chambers,2010,,,,,,
1206,Evan Chambers,2012,,,,,,
1220,Jason Dubois,2004,0.0,-0.3,,,,
1220,Jason Dubois,2005,-0.3,,,,,
1223,Justin Woodrow,2002,,,,,,
1229,Robert Refsnyder,2014,,0.2,-0.3,-0.9,-0.3,
1230,Michael Taylor,2012,,,-0.1,-0.1,0.3,3.1
1230,Michael Taylor,2013,,-0.1,-0.1,0.3,3.1,0.9
1230,Michael Taylor,2014,-0.1,-0.1,0.3,3.1,0.9,0.0
1231,Ramon Flores,2012,,,,0.0,-1.3,-0.1
1231,Ramon Flores,2013,,,0.0,-1.3,-0.1,
1231,Ramon Flores,2014,,0.0,-1.3,-0.1,,
1235,Dee Brown,2001,,,,,,
1237,Michael Cuddyer,2002,0.3,-0.4,0.8,1.2,3.1,2.3
1237,Michael Cuddyer,2003,-0.4,0.8,1.2,3.1,2.3,-0.3
1249,Brandon Nimmo,2012,,,,,0.1,1.2
1249,Brandon Nimmo,2013,,,,0.1,1.2,4.5
1249,Brandon Nimmo,2014,,,0.1,1.2,4.5,1.3
1251,Julio Zuleta,2001,-0.3,,,,,
1258,Ryan Kalish,2007,,,,0.5,,-1.0
1258,Ryan Kalish,2008,,,0.5,,-1.0,
1258,Ryan Kalish,2009,,0.5,,-1.0,,-0.4
1258,Ryan Kalish,2010,0.5,,-1.0,,-0.4,
1263,Lance Jeffries,2012,,,,,,
1267,Eric Bruntlett,2005,0.6,0.5,0.5,0.1,-1.0,
1270,Jon Zeringue,2005,,,,,,
1270,Jon Zeringue,2006,,,,,,
1273,Lyndon Estill,2008,,,,,,
1280,Jason Fox,2001,,,,,,
1284,Leslie Anderson,2011,,,,,,
1290,Jake Marisnick,2010,,,,-0.2,0.5,1.8
1290,Jake Marisnick,2011,,,-0.2,0.5,1.8,0.5
1290,Jake Marisnick,2012,,-0.2,0.5,1.8,0.5,1.4
1290,Jake Marisnick,2013,-0.2,0.5,1.8,0.5,1.4,1.0
1290,Jake Marisnick,2014,0.5,1.8,0.5,1.4,1.0,1.1
1291,Wagner Mateo,2011,,,,,,
1299,Peter Bourjos,2006,,,,,1.8,4.3
1299,Peter Bourjos,2007,,,,1.8,4.3,1.3
1299,Peter Bourjos,2008,,,1.8,4.3,1.3,0.6
1299,Peter Bourjos,2009,,1.8,4.3,1.3,0.6,1.2
1299,Peter Bourjos,2010,1.8,4.3,1.3,0.6,1.2,-0.2
1302,Alfredo Marte,2013,-0.4,-0.9,0.1,,,
1302,Alfredo Marte,2014,-0.9,0.1,,,,
1317,Alex Hassan,2012,,,-0.1,,,
1322,Cesar Puello,2009,,,,,,
1322,Cesar Puello,2010,,,,,,
1322,Cesar Puello,2011,,,,,,
1322,Cesar Puello,2012,,,,,,-0.1
1322,Cesar Puello,2013,,,,,-0.1,
1322,Cesar Puello,2014,,,,-0.1,,1.0
1323,David Dahl,2013,,,,1.2,,1.0
1323,David Dahl,2014,,,1.2,,1.0,1.4
1325,John Gall,2004,,0.1,0.0,-0.2,,
1325,John Gall,2005,0.1,0.0,-0.2,,,
1336,Brandon Tripp,2008,,,,,,
1342,Justin Christian,2006,,,-0.1,,,0.0
1347,Jay Bruce,2006,,,0.8,1.8,5.1,2.9
1347,Jay Bruce,2007,,0.8,1.8,5.1,2.9,2.4
1347,Jay Bruce,2008,0.8,1.8,5.1,2.9,2.4,4.0
1348,Jason Kipnis,2010,,0.8,3.4,5.1,0.7,4.5
1350,Destin Hood,2009,,,,,,
1350,Destin Hood,2010,,,,,,
1350,Destin Hood,2011,,,,,,0.0
1350,Destin Hood,2012,,,,,0.0,
1350,Destin Hood,2013,,,,0.0,,
1356,Eric Valent,2001,0.0,-0.2,-0.2,0.4,-0.6,
1356,Eric Valent,2002,-0.2,-0.2,0.4,-0.6,,
1356,Eric Valent,2003,-0.2,0.4,-0.6,,,
1357,Jason Ellison,2003,-0.1,0.3,0.4,-0.3,0.5,0.0
1357,Jason Ellison,2004,0.3,0.4,-0.3,0.5,0.0,
1361,Tom Collaro,2005,,,,,,
1361,Tom Collaro,2006,,,,,,
1362,Dustin Martin,2007,,,,,,
1363,Jon Mark Owings,2006,,,,,,
1366,Grant Desme,2008,,,,,,
1366,Grant Desme,2009,,,,,,
1366,Grant Desme,2010,,,,,,
1367,Mitch Einertson,2005,,,,,,
1367,Mitch Einertson,2006,,,,,,
1367,Mitch Einertson,2008,,,,,,
1368,Cameron Maybin,2006,,-0.4,1.0,0.9,0.4,4.3
1368,Cameron Maybin,2007,-0.4,1.0,0.9,0.4,4.3,1.8
1368,Cameron Maybin,2008,1.0,0.9,0.4,4.3,1.8,-0.4
1368,Cameron Maybin,2009,0.9,0.4,4.3,1.8,-0.4,0.3
1371,Javier Rodriguez,2009,,,,,,
1376,Ross Gload,2001,,0.0,,-0.2,-0.5,-0.4
1383,Jeramy Laster,2008,,,,,,
1384,Lastings Milledge,2004,,,-0.6,0.1,-0.1,0.1
1384,Lastings Milledge,2005,,-0.6,0.1,-0.1,0.1,0.5
1384,Lastings Milledge,2006,-0.6,0.1,-0.1,0.1,0.5,-0.2
1391,Anthony Raglani,2006,,,,,,
1392,Bronson Sardinha,2003,,,,,-0.1,
1392,Bronson Sardinha,2005,,,-0.1,,,
1392,Bronson Sardinha,2006,,-0.1,,,,
1392,Bronson Sardinha,2007,-0.1,,,,,
1394,Alexi Amarista,2012,0.3,0.1,0.7,-0.9,-0.6,-1.1
1400,Vinny Rottino,2005,,0.0,-0.1,0.0,,
1400,Vinny Rottino,2006,0.0,-0.1,0.0,,,0.0
1400,Vinny Rottino,2007,-0.1,0.0,,,0.0,0.1
1412,Timo Perez,2001,-0.2,1.8,0.0,-0.3,-1.7,-0.2
1415,Bill Scott,2002,,,,,,
1420,Eric Patterson,2008,-0.5,0.3,-0.3,-0.2,,
1427,Carlos Santana,2007,,,,1.6,0.3,0.0
1428,Yonder Alonso,2011,0.5,1.1,0.7,0.5,1.0,-0.2
1428,Yonder Alonso,2012,1.1,0.7,0.5,1.0,-0.2,2.4
1441,Javier Herrera,2004,,,,,,
1441,Javier Herrera,2005,,,,,,
1441,Javier Herrera,2006,,,,,,
1441,Javier Herrera,2007,,,,,,
1441,Javier Herrera,2008,,,,,,
1444,Bryan Petersen,2009,,-0.6,1.5,-0.9,,
1444,Bryan Petersen,2010,-0.6,1.5,-0.9,,,
1444,Bryan Petersen,2011,1.5,-0.9,,,,
1448,Chris Dickerson,2005,,,,1.4,1.6,-0.1
1448,Chris Dickerson,2006,,,1.4,1.6,-0.1,0.2
1448,Chris Dickerson,2007,,1.4,1.6,-0.1,0.2,0.3
1448,Chris Dickerson,2008,1.4,1.6,-0.1,0.2,0.3,0.3
1448,Chris Dickerson,2009,1.6,-0.1,0.2,0.3,0.3,0.0
1449,Andre Ethier,2004,,,2.2,1.6,3.3,2.2
1449,Andre Ethier,2005,,2.2,1.6,3.3,2.2,1.9
1449,Andre Ethier,2006,2.2,1.6,3.3,2.2,1.9,3.0
1452,Anthony Webster,2002,,,,,,
1452,Anthony Webster,2003,,,,,,
1452,Anthony Webster,2004,,,,,,
1452,Anthony Webster,2005,,,,,,
1452,Anthony Webster,2006,,,,,,
1452,Anthony Webster,2007,,,,,,
1459,Charlie Culberson,2014,-1.0,,0.1,0.0,1.0,0.3
1461,Fred Ford,2013,,,,,,
1476,Jiwan James,2010,,,,,,
1476,Jiwan James,2011,,,,,,
1476,Jiwan James,2012,,,,,,
1477,Dustin Lawley,2014,,,,,,
1484,Justin Ruggiano,2008,0.1,,,0.4,2.5,1.4
1485,Brennan Boesch,2007,,,,0.7,1.6,-0.7
1485,Brennan Boesch,2008,,,0.7,1.6,-0.7,-0.1
1485,Brennan Boesch,2010,0.7,1.6,-0.7,-0.1,-0.5,-1.1
1492,Max Walla,2010,,,,,,
1493,James Jurries,2006,,,,,,
1496,Steve Pearce,2008,-0.1,0.0,0.3,-0.8,-0.1,0.8
1497,Hunter Pence,2005,,,3.5,2.9,3.2,2.7
1497,Hunter Pence,2006,,3.5,2.9,3.2,2.7,4.3
1497,Hunter Pence,2007,3.5,2.9,3.2,2.7,4.3,1.8
1500,Lorenzo Cain,2006,,,,,1.2,0.1
1500,Lorenzo Cain,2007,,,,1.2,0.1,1.4
1500,Lorenzo Cain,2008,,,1.2,0.1,1.4,2.0
1500,Lorenzo Cain,2009,,1.2,0.1,1.4,2.0,4.4
1500,Lorenzo Cain,2010,1.2,0.1,1.4,2.0,4.4,6.1
1505,Andy Brown,2001,,,,,,
1510,Jeff Fiorentino,2005,0.7,0.1,,0.0,-0.2,
1510,Jeff Fiorentino,2006,0.1,,0.0,-0.2,,
1510,Jeff Fiorentino,2007,,0.0,-0.2,,,
1510,Jeff Fiorentino,2008,0.0,-0.2,,,,
1530,Matt Lipka,2012,,,,,,
1530,Matt Lipka,2013,,,,,,
1530,Matt Lipka,2014,,,,,,
1541,Travis Witherspoon,2011,,,,,,
1541,Travis Witherspoon,2012,,,,,,
1541,Travis Witherspoon,2013,,,,,,
1546,Albert Almora,2013,,,,0.6,1.1,1.1
1546,Albert Almora,2014,,,0.6,1.1,1.1,-0.7
1548,Wayne Lydon,2003,,,,,,
1548,Wayne Lydon,2004,,,,,,
1548,Wayne Lydon,2005,,,,,,
1550,Ryan Raburn,2007,0.3,-0.4,1.5,2.3,1.1,-1.4
1557,Brady Clark,2001,0.3,-0.9,0.2,1.8,2.8,0.2
1558,Mike Rosamond,2001,,,,,,
1558,Mike Rosamond,2002,,,,,,
1562,Jarred Ball,2004,,,,,,
1562,Jarred Ball,2005,,,,,,
1567,Billy Butler,2006,,0.4,-1.1,1.8,2.1,1.2
1567,Billy Butler,2007,0.4,-1.1,1.8,2.1,1.2,2.7
1568,Tom Hickman,2007,,,,,,
1568,Tom Hickman,2008,,,,,,
1575,Nick Gorneault,2004,,,,0.0,,
1575,Nick Gorneault,2005,,,0.0,,,
1575,Nick Gorneault,2006,,0.0,,,,
1586,Conner Crumbliss,2011,,,,,,
1588,Jackie Bradley,2012,,-0.2,0.2,1.9,5.3,2.2
1588,Jackie Bradley,2013,-0.2,0.2,1.9,5.3,2.2,2.8
1588,Jackie Bradley,2014,0.2,1.9,5.3,2.2,2.8,1.4
1591,Jordan Akins,2012,,,,,,
1594,Chris Duffy,2002,,,,1.4,0.8,0.0
1594,Chris Duffy,2003,,,1.4,0.8,0.0,
1594,Chris Duffy,2005,1.4,0.8,0.0,,-0.3,
1594,Chris Duffy,2006,0.8,0.0,,-0.3,,
1602,Brandon Belt,2011,0.6,1.8,4.2,0.7,3.9,3.9
1603,Kyler Burke,2007,,,,,,
1603,Kyler Burke,2008,,,,,,
1603,Kyler Burke,2010,,,,,,
1610,Alejandro Giron,2001,,,,,,
1621,Joc Pederson,2011,,,,0.0,3.1,3.5
1621,Joc Pederson,2012,,,0.0,3.1,3.5,0.6
1621,Joc Pederson,2013,,0.0,3.1,3.5,0.6,2.7
1621,Joc Pederson,2014,0.0,3.1,3.5,0.6,2.7,3.0
1624,Steve Murphy,2006,,,,,,
1632,Kevin Kiermaier,2011,,,0.0,2.8,4.3,4.0
1632,Kevin Kiermaier,2014,2.8,4.3,4.0,3.3,1.6,1.5
1635,Aristides Aquino,2014,,,,,-0.1,1.0
1636,Jason Tyner,2001,0.2,-0.8,0.3,,0.4,1.5
1640,Rich Thompson,2004,0.0,,,,,
1643,Fernando Perez,2006,,,1.1,-0.3,,
1643,Fernando Perez,2007,,1.1,-0.3,,,
1643,Fernando Perez,2008,1.1,-0.3,,,,
1643,Fernando Perez,2009,-0.3,,,,,
1643,Fernando Perez,2010,,,,,,
1647,Luis Durango,2010,0.0,-0.1,,,,
1649,Kyle Wren,2014,,,,,,
1650,John Barnes,2001,-0.3,,,,,
1650,John Barnes,2002,,,,,,
1657,Aaron Cunningham,2006,,,0.2,-0.6,0.6,0.2
1657,Aaron Cunningham,2007,,0.2,-0.6,0.6,0.2,-0.5
1657,Aaron Cunningham,2008,0.2,-0.6,0.6,0.2,-0.5,
1657,Aaron Cunningham,2009,-0.6,0.6,0.2,-0.5,,
1660,Steven Souza,2013,,-0.1,1.5,0.9,3.8,-0.4
1660,Steven Souza,2014,-0.1,1.5,0.9,3.8,-0.4,
1661,Tyler Naquin,2013,,,,2.1,-0.3,0.3
1661,Tyler Naquin,2014,,,2.1,-0.3,0.3,1.5
1666,Brian Barton,2007,,0.9,0.0,,,
1666,Brian Barton,2008,0.9,0.0,,,,
1679,Chris Magruder,2001,-0.2,-0.1,0.5,0.3,-0.2,
1689,Aaron Judge,2014,,,-0.2,8.3,5.1,4.6
1690,Nomar Mazara,2012,,,,,0.6,-0.3
1690,Nomar Mazara,2013,,,,0.6,-0.3,0.9
1690,Nomar Mazara,2014,,,0.6,-0.3,0.9,0.5
1695,Joey Gathright,2003,,-0.2,1.4,0.7,1.4,0.2
1695,Joey Gathright,2004,-0.2,1.4,0.7,1.4,0.2,-0.2
1695,Joey Gathright,2005,1.4,0.7,1.4,0.2,-0.2,
1700,Anthony Hewitt,2009,,,,,,
1702,Ryan Westmoreland,2009,,,,,,
1702,Ryan Westmoreland,2010,,,,,,
1702,Ryan Westmoreland,2011,,,,,,
1706,Richard Brown,2002,,,,,,
1732,Chad Huffman,2007,,,,-0.1,,
1732,Chad Huffman,2008,,,-0.1,,,
1732,Chad Huffman,2009,,-0.1,,,,
1732,Chad Huffman,2010,-0.1,,,,,
1734,Jacob Hannemann,2014,,,,-0.3,,
1737,Sergio Contreras,2001,,,,,,
1744,Casey Rogowski,2005,,,,,,
1747,Cory Vaughn,2011,,,,,,
1747,Cory Vaughn,2012,,,,,,
1747,Cory Vaughn,2013,,,,,,
1748,Bobby Crocker,2012,,,,,,
1748,Bobby Crocker,2013,,,,,,
1752,Andrew Ray,2014,,,,,,
1754,Ravel Santana,2012,,,,,,
1758,Myron Leslie,2007,,,,,,
1759,Ryan Patterson,2006,,,,,,
1759,Ryan Patterson,2007,,,,,,
1759,Ryan Patterson,2008,,,,,,
1768,Jeremy Dodson,2001,,,,,,
1772,Nick Stavinoha,2006,,,-0.6,-0.6,-0.5,
1772,Nick Stavinoha,2007,,-0.6,-0.6,-0.5,,
1775,Ben Revere,2008,,,-0.3,1.5,2.1,0.9
1775,Ben Revere,2009,,-0.3,1.5,2.1,0.9,1.8
1775,Ben Revere,2010,-0.3,1.5,2.1,0.9,1.8,2.3
1775,Ben Revere,2011,1.5,2.1,0.9,1.8,2.3,-1.0
1782,Austin Meadows,2014,,,,,0.2,4.0
1784,Jason Michaels,2001,-0.1,0.5,1.6,1.4,3.6,0.5
1784,Jason Michaels,2002,0.5,1.6,1.4,3.6,0.5,1.4
1798,Keith Ginter,2002,0.4,0.7,1.8,-0.8,,
1802,Chris Duncan,2006,2.3,1.7,-0.4,-0.4,,
1804,Agustin Murillo,2006,,,,,,
1809,Jeremy Johnson,2001,,,,,,
1810,Gavin Wright,2001,,,,,,
1810,Gavin Wright,2002,,,,,,
1810,Gavin Wright,2003,,,,,,
1813,Gerardo Parra,2007,,,-0.2,0.7,2.6,1.5
1813,Gerardo Parra,2008,,-0.2,0.7,2.6,1.5,3.3
1813,Gerardo Parra,2009,-0.2,0.7,2.6,1.5,3.3,0.7
1814,Alfredo Silverio,2008,,,,,,
1814,Alfredo Silverio,2009,,,,,,
1814,Alfredo Silverio,2010,,,,,,
1814,Alfredo Silverio,2012,,,,,,
1814,Alfredo Silverio,2013,,,,,,
1818,Mallex Smith,2013,,,,0.5,0.9,3.5
1821,Conor Jackson,2004,,-0.5,0.4,1.1,2.9,-0.9
1821,Conor Jackson,2005,-0.5,0.4,1.1,2.9,-0.9,0.3
1822,Luis Jimenez,2003,,,,,,
1823,James Loney,2007,1.8,-0.4,1.1,0.8,2.1,-1.0
1825,Reid Engel,2008,,,,,,
1830,Keon Broxton,2010,,,,,,-0.1
1830,Keon Broxton,2011,,,,,-0.1,1.7
1830,Keon Broxton,2012,,,,-0.1,1.7,0.7
1830,Keon Broxton,2013,,,-0.1,1.7,0.7,1.1
1836,Jason Place,2007,,,,,,
1836,Jason Place,2008,,,,,,
1838,Devon Torrence,2008,,,,,,
1840,Lewis Brinson,2013,,,,,-0.2,-1.0
1840,Lewis Brinson,2014,,,,-0.2,-1.0,-1.7
1855,Oswaldo Arcia,2010,,,,0.2,0.9,-0.4
1855,Oswaldo Arcia,2011,,,0.2,0.9,-0.4,-1.1
1855,Oswaldo Arcia,2012,,0.2,0.9,-0.4,-1.1,
1855,Oswaldo Arcia,2013,0.2,0.9,-0.4,-1.1,,
1859,Tony Alvarez,2001,,0.2,,-0.1,,
1859,Tony Alvarez,2002,0.2,,-0.1,,,
1859,Tony Alvarez,2003,,-0.1,,,,
1859,Tony Alvarez,2004,-0.1,,,,,
1860,Craig Brazell,2005,,,0.0,,,
1873,JaCoby Jones,2014,,,-0.1,-0.6,1.2,-0.2
1877,Dan Ortmeier,2003,,,-0.1,-0.2,0.3,-0.3
1877,Dan Ortmeier,2004,,-0.1,-0.2,0.3,-0.3,
1877,Dan Ortmeier,2005,-0.1,-0.2,0.3,-0.3,,
1877,Dan Ortmeier,2006,-0.2,0.3,-0.3,,,
1877,Dan Ortmeier,2007,0.3,-0.3,,,,
1895,Robby Hammock,2003,0.7,-0.4,,0.1,-0.1,-0.1
1900,Clay Timpner,2005,,,,0.0,,
1900,Clay Timpner,2006,,,0.0,,,
1920,Sean McGowan,2002,,,,,,
1923,Marcus Nettles,2003,,,,,,
1931,James Adduci,2010,,,,-0.1,-0.1,
1933,Michael Brantley,2008,,-0.6,-0.5,1.3,2.6,1.9
1933,Michael Brantley,2009,-0.6,-0.5,1.3,2.6,1.9,6.5
1933,Michael Brantley,2010,-0.5,1.3,2.6,1.9,6.5,3.5
1935,Miguel Velazquez,2010,,,,,,
1935,Miguel Velazquez,2011,,,,,,
1937,Rafael Ortega,2012,0.1,,,,-0.5,
1937,Rafael Ortega,2013,,,,-0.5,,-0.6
1941,Eugenio Velez,2008,-0.3,0.6,0.1,-0.7,,
1950,Chul Oh,2001,,,,,,
1956,Brian Cavazos-Galvez,2010,,,,,,
1956,Brian Cavazos-Galvez,2011,,,,,,
1956,Brian Cavazos-Galvez,2013,,,,,,
1965,Luis Terrero,2001,,,0.0,-0.4,-0.6,-0.2
1965,Luis Terrero,2002,,0.0,-0.4,-0.6,-0.2,0.4
1965,Luis Terrero,2003,0.0,-0.4,-0.6,-0.2,0.4,
1965,Luis Terrero,2004,-0.4,-0.6,-0.2,0.4,,
1969,Jared Hoying,2011,,,,,,-0.3
1973,Antron Seiber,2001,,,,,,
1979,Jayson Werth,2003,0.1,2.4,1.2,,3.2,5.1
1979,Jayson Werth,2004,2.4,1.2,,3.2,5.1,4.7
1980,Austin Kearns,2001,,5.0,1.0,0.2,2.0,3.9
1980,Austin Kearns,2002,5.0,1.0,0.2,2.0,3.9,3.4
1984,Mickey Hall,2004,,,,,,
1984,Mickey Hall,2005,,,,,,
1984,Mickey Hall,2006,,,,,,
1985,Kyle Jensen,2012,,,,,0.0,
1985,Kyle Jensen,2014,,,0.0,,,
1994,Josh Hamilton,2001,,,,,,
1994,Josh Hamilton,2002,,,,,,2.3
1994,Josh Hamilton,2003,,,,,2.3,4.3
1994,Josh Hamilton,2004,,,,2.3,4.3,1.3
1994,Josh Hamilton,2007,2.3,4.3,1.3,8.4,4.0,4.9
2008,Collin Cowgill,2009,,,0.4,0.2,-0.2,1.4
2008,Collin Cowgill,2010,,0.4,0.2,-0.2,1.4,0.2
2008,Collin Cowgill,2011,0.4,0.2,-0.2,1.4,0.2,-0.2
2008,Collin Cowgill,2012,0.2,-0.2,1.4,0.2,-0.2,
2011,Corey Dickerson,2011,,,0.7,2.8,0.6,1.1
2011,Corey Dickerson,2013,0.7,2.8,0.6,1.1,2.6,2.7
2017,Cesar Crespo,2001,-0.7,-0.1,,-0.6,,
2030,Cesar Hernandez,2014,-0.3,1.3,3.8,3.3,2.1,1.7
2033,Jason Grabowski,2003,-0.1,-0.5,-1.2,,,
2033,Jason Grabowski,2004,-0.5,-1.2,,,,
2043,Blake Tekotte,2009,,,-0.3,-0.3,0.1,
2043,Blake Tekotte,2010,,-0.3,-0.3,0.1,,
2043,Blake Tekotte,2011,-0.3,-0.3,0.1,,,
2043,Blake Tekotte,2012,-0.3,0.1,,,,
2043,Blake Tekotte,2013,0.1,,,,,
2047,Mel Rojas,2011,,,,,,
2047,Mel Rojas,2012,,,,,,
2050,Andrew Toles,2013,,,,1.3,0.5,0.0
2050,Andrew Toles,2014,,,1.3,0.5,0.0,
2054,Michael Vento,2004,,-0.1,0.4,,,
2059,Jason Kubel,2003,,0.0,,-1.1,0.5,0.6
2059,Jason Kubel,2004,0.0,,-1.1,0.5,0.6,2.3
2059,Jason Kubel,2005,,-1.1,0.5,0.6,2.3,-0.7
2059,Jason Kubel,2006,-1.1,0.5,0.6,2.3,-0.7,0.8
2060,Brad Snyder,2004,,,,,,
2060,Brad Snyder,2005,,,,,,0.0
2060,Brad Snyder,2006,,,,,0.0,-0.1
2060,Brad Snyder,2007,,,,0.0,-0.1,
2060,Brad Snyder,2008,,,0.0,-0.1,,
2066,Eric Young,2009,-0.2,-0.4,0.1,1.5,0.9,0.8
2066,Eric Young,2010,-0.4,0.1,1.5,0.9,0.8,-0.5
2081,Alex Dickerson,2014,,0.0,0.7,,,0.5
2091,Alex Hernandez,2001,-0.2,,,,,
2097,Cody Strait,2007,,,,,,
2109,Leonardo Heras,2014,,,,,,
2114,C.J. McElroy,2012,,,,,,
2114,C.J. McElroy,2013,,,,,,
2114,C.J. McElroy,2014,,,,,,
2118,Reggie Willits,2005,,0.4,1.5,-0.2,-0.7,0.6
2118,Reggie Willits,2006,0.4,1.5,-0.2,-0.7,0.6,-0.2
2118,Reggie Willits,2007,1.5,-0.2,-0.7,0.6,-0.2,
2123,Mycal Jones,2012,,,,,,
2125,Eury Perez,2010,,,0.1,0.0,-0.2,0.1
2125,Eury Perez,2011,,0.1,0.0,-0.2,0.1,
2125,Eury Perez,2012,0.1,0.0,-0.2,0.1,,
2125,Eury Perez,2013,0.0,-0.2,0.1,,,
2125,Eury Perez,2014,-0.2,0.1,,,,
2127,Brett Phillips,2013,,,,,1.1,0.5
2127,Brett Phillips,2014,,,,1.1,0.5,0.3
2132,Robinson Mojica,2002,,,,,,
2137,Greg Lorenzo,2013,,,,,,
2139,Dylan Cozens,2013,,,,,,-0.2
2139,Dylan Cozens,2014,,,,,-0.2,0.0
2140,Brad Wilkerson,2001,-0.6,1.8,3.9,5.0,2.4,-0.2
2140,Brad Wilkerson,2002,1.8,3.9,5.0,2.4,-0.2,0.8
2147,Francisco Peguero,2009,,,,0.1,0.0,
2147,Francisco Peguero,2010,,,0.1,0.0,,
2147,Francisco Peguero,2011,,0.1,0.0,,,
2147,Francisco Peguero,2012,0.1,0.0,,,,
2147,Francisco Peguero,2013,0.0,,,,,
2169,Ramon Alvarado,2006,,,,,,
2182,Jorge Bonifacio,2012,,,,,,1.0
2182,Jorge Bonifacio,2013,,,,,1.0,0.2
2182,Jorge Bonifacio,2014,,,,1.0,0.2,0.1
2198,Jeremy Harts,2001,,,,,,
2205,Stephen Englund,2007,,,,,,
2205,Stephen Englund,2008,,,,,,
2207,Tyler Collins,2012,,,0.0,0.4,0.0,-0.1
2207,Tyler Collins,2013,,0.0,0.4,0.0,-0.1,
2207,Tyler Collins,2014,0.0,0.4,0.0,-0.1,,
2211,Esix Snead,2001,,0.1,,0.0,,
2214,Mark Folsom,2001,,,,,,
2220,Evan Frey,2009,,,,,,
2224,Kevin Mahar,2006,,-0.3,,,,
2227,Mike Mooney,2005,,,,,,
2234,Terrance Gore,2014,0.1,0.0,0.2,-0.2,0.1,0.6
2240,Drew Anderson,2006,-0.1,,,,,
2241,Buck Coats,2006,-0.1,0.0,0.1,,,
2241,Buck Coats,2008,0.1,,,,,
2258,Tyler Henley,2010,,,,,,
2262,Zoilo Almonte,2012,,-0.2,-0.2,,,
2265,Yhency Brazoban,2002,,,0.5,-0.4,0.1,0.0
2273,Ezequiel Carrera,2010,,0.3,0.3,-0.2,0.5,0.1
2276,Samir Duenez,2014,,,,,,
2277,Hideki Matsui,2003,0.2,3.0,2.5,0.7,2.9,0.8
2278,Carlos Rodriguez,2001,,,,,,
2280,Ricardo Nanita,2004,,,,,,
2280,Ricardo Nanita,2006,,,,,,
2280,Ricardo Nanita,2007,,,,,,
2281,Roger Bernadina,2004,,,,,-0.5,0.1
2281,Roger Bernadina,2005,,,,-0.5,0.1,0.2
2281,Roger Bernadina,2006,,,-0.5,0.1,0.2,0.4
2281,Roger Bernadina,2008,-0.5,0.1,0.2,0.4,1.5,-0.6
2281,Roger Bernadina,2009,0.1,0.2,0.4,1.5,-0.6,-0.2
2281,Roger Bernadina,2010,0.2,0.4,1.5,-0.6,-0.2,
2287,Avisail Garcia,2010,,,0.0,0.0,-0.1,-0.3
2287,Avisail Garcia,2011,,0.0,0.0,-0.1,-0.3,0.4
2287,Avisail Garcia,2012,0.0,0.0,-0.1,-0.3,0.4,4.2
2287,Avisail Garcia,2013,0.0,-0.1,-0.3,0.4,4.2,0.1
2291,Cory Aldridge,2001,-0.1,,,,,
2291,Cory Aldridge,2002,,,,,,
2298,Jordan Henry,2011,,,,,,
2305,Josh Richmond,2011,,,,,,
2308,Chris Wakeland,2001,0.4,,,,,
2311,Lamont Matthews,2002,,,,,,
2313,Jeremy Reed,2003,,0.8,2.5,-0.3,-0.4,0.2
2313,Jeremy Reed,2004,0.8,2.5,-0.3,-0.4,0.2,-0.7
2313,Jeremy Reed,2005,2.5,-0.3,-0.4,0.2,-0.7,0.0
2324,Leandro Castro,2010,,,,,,
2324,Leandro Castro,2011,,,,,,
2324,Leandro Castro,2012,,,,,,
2326,Travis Jankowski,2013,,,-0.1,1.4,-0.1,1.0
2326,Travis Jankowski,2014,,-0.1,1.4,-0.1,1.0,-0.1
2329,Marvin Seale,2001,,,,,,
2335,Dernell Stenson,2001,,,0.5,,,
2335,Dernell Stenson,2002,,0.5,,,,
2339,Clay Fuller,2008,,,,,,
2339,Clay Fuller,2009,,,,,,
2339,Clay Fuller,2010,,,,,,
2343,Tyler Gibson,2012,,,,,,
2344,Jose Soto,2001,,,,,,
2344,Jose Soto,2002,,,,,,
2345,Ben Johnson,2001,,,,,0.4,0.4
2345,Ben Johnson,2002,,,,0.4,0.4,-0.2
2345,Ben Johnson,2003,,,0.4,0.4,-0.2,
2345,Ben Johnson,2005,0.4,0.4,-0.2,,,
2345,Ben Johnson,2006,0.4,-0.2,,,,
2352,J.B. Shuck,2010,,0.2,,0.8,-0.5,-0.2
2352,J.B. Shuck,2011,0.2,,0.8,-0.5,-0.2,-1.3
2352,J.B. Shuck,2012,,0.8,-0.5,-0.2,-1.3,
2363,Dustan Mohr,2002,2.1,0.4,1.4,1.0,-0.1,-0.4
2365,Val Majewski,2003,,0.0,,,,
2365,Val Majewski,2004,0.0,,,,,
2365,Val Majewski,2005,,,,,,
2365,Val Majewski,2006,,,,,,
2365,Val Majewski,2007,,,,,,
2367,Dustin Brown,2003,,,,,,
2369,Francisco Plasencia,2002,,,,,,
2369,Francisco Plasencia,2006,,,,,,
2380,Oscar Taveras,2011,,,,-0.9,,
2380,Oscar Taveras,2012,,,-0.9,,,
2380,Oscar Taveras,2013,,-0.9,,,,
2380,Oscar Taveras,2014,-0.9,,,,,
2384,Adam Boeve,2006,,,,,,
2385,Kendry Morales,2005,,-0.1,0.0,-0.5,3.7,1.6
2386,Cole Gillespie,2007,,,,-0.4,0.1,
2386,Cole Gillespie,2008,,,-0.4,0.1,,-0.1
2386,Cole Gillespie,2009,,-0.4,0.1,,-0.1,-0.2
2386,Cole Gillespie,2010,-0.4,0.1,,-0.1,-0.2,0.2
2392,Rymer Liriano,2010,,,,,-0.6,
2392,Rymer Liriano,2011,,,,-0.6,,
2392,Rymer Liriano,2012,,,-0.6,,,0.1
2392,Rymer Liriano,2013,,-0.6,,,0.1,
2392,Rymer Liriano,2014,-0.6,,,0.1,,
2394,Ibandel Isabel,2014,,,,,,
2397,Jeff Baker,2005,-0.2,0.9,-0.6,0.4,1.2,1.0
2397,Jeff Baker,2007,-0.6,0.4,1.2,1.0,-0.4,-0.7
2402,J.R. Higley,2010,,,,,,
2404,Marcus Knecht,2011,,,,,,
2404,Marcus Knecht,2012,,,,,,
2408,Willie Harris,2001,-0.4,-0.3,-0.4,1.0,0.5,-0.6
2408,Willie Harris,2002,-0.3,-0.4,1.0,0.5,-0.6,1.4
2409,Brad Hawpe,2001,,,,-0.5,-0.6,2.7
2409,Brad Hawpe,2002,,,-0.5,-0.6,2.7,1.5
2409,Brad Hawpe,2004,-0.5,-0.6,2.7,1.5,-0.7,1.2
2409,Brad Hawpe,2005,-0.6,2.7,1.5,-0.7,1.2,0.2
2410,Marland Williams,2003,,,,,,
2410,Marland Williams,2004,,,,,,
2410,Marland Williams,2005,,,,,,
2413,Chris Tritle,2002,,,,,,
2415,Juan Valdes,2005,,,,,,
2416,Darrell Ceciliani,2011,,,,,0.3,-0.5
2416,Darrell Ceciliani,2012,,,,0.3,-0.5,0.2
2416,Darrell Ceciliani,2013,,,0.3,-0.5,0.2,
2418,Tyler O'Neill,2014,,,,,1.3,0.0
2421,Jake Whitesides,2001,,,,,,
2423,Sean Gamble,2005,,,,,,
2430,Jason Romano,2002,-0.2,-0.5,-0.1,0.0,,
2430,Jason Romano,2003,-0.5,-0.1,0.0,,,
2439,Luke Scott,2005,-0.3,2.9,2.3,2.1,1.3,2.8
2439,Luke Scott,2006,2.9,2.3,2.1,1.3,2.8,-0.1
2444,Javis Diaz,2006,,,,,,
2447,Daryl Jones,2006,,,,,,
2447,Daryl Jones,2007,,,,,,
2447,Daryl Jones,2009,,,,,,
2447,Daryl Jones,2010,,,,,,
2447,Daryl Jones,2011,,,,,,
2448,Rubi Silva,2014,,,,,,
2451,Elijah Dukes,2003,,,,,-0.2,2.7
2451,Elijah Dukes,2004,,,,-0.2,2.7,-0.3
2451,Elijah Dukes,2005,,,-0.2,2.7,-0.3,
2451,Elijah Dukes,2006,,-0.2,2.7,-0.3,,
2451,Elijah Dukes,2007,-0.2,2.7,-0.3,,,
2472,Kyle Russell,2009,,,,,,
2472,Kyle Russell,2010,,,,,,
2472,Kyle Russell,2011,,,,,,
2472,Kyle Russell,2012,,,,,,
2474,Abraham Almonte,2009,,,,,0.0,0.5
2474,Abraham Almonte,2014,0.5,0.9,0.3,-0.1,-0.6,0.6
2501,Michael Wilson,2002,,,,,,
2501,Michael Wilson,2004,,,,,,
2501,Michael Wilson,2006,,,,,,-0.4
2501,Michael Wilson,2007,,,,,-0.4,
2505,Jeremy Moore,2011,0.0,,,,,
2505,Jeremy Moore,2012,,,,,,
2506,Kentrail Davis,2010,,,,,,
2506,Kentrail Davis,2011,,,,,,
2506,Kentrail Davis,2012,,,,,,
2506,Kentrail Davis,2013,,,,,,
2508,Cutter Dykstra,2009,,,,,,
2513,Todd Linden,2002,,-0.2,-0.1,0.1,0.9,-0.4
2513,Todd Linden,2003,-0.2,-0.1,0.1,0.9,-0.4,
2513,Todd Linden,2004,-0.1,0.1,0.9,-0.4,,
2513,Todd Linden,2005,0.1,0.9,-0.4,,,
2515,Mitch Maier,2004,,,-0.1,,-0.5,0.1
2515,Mitch Maier,2006,-0.1,,-0.5,0.1,0.4,0.6
2515,Mitch Maier,2007,,-0.5,0.1,0.4,0.6,-0.3
2515,Mitch Maier,2008,-0.5,0.1,0.4,0.6,-0.3,
2515,Mitch Maier,2009,0.1,0.4,0.6,-0.3,,
2516,Delwyn Young,2005,,-0.1,0.5,-0.1,-0.1,0.0
2516,Delwyn Young,2006,-0.1,0.5,-0.1,-0.1,0.0,
2516,Delwyn Young,2007,0.5,-0.1,-0.1,0.0,,
2516,Delwyn Young,2008,-0.1,-0.1,0.0,,,
2523,Jeff Kobernus,2014,0.0,,,,,
2527,Chris Morris,2002,,,,,,
2527,Chris Morris,2003,,,,,,
2529,Nelson Cruz,2005,0.1,-0.1,-0.1,1.8,3.0,4.9
2529,Nelson Cruz,2006,-0.1,-0.1,1.8,3.0,4.9,1.4
2530,Justin Huber,2007,-0.2,0.0,-0.1,,,
2530,Justin Huber,2008,0.0,-0.1,,,,
2534,Charlie Blackmon,2009,,,-0.7,0.6,1.2,1.3
2534,Charlie Blackmon,2010,,-0.7,0.6,1.2,1.3,2.5
2534,Charlie Blackmon,2011,-0.7,0.6,1.2,1.3,2.5,4.7
2534,Charlie Blackmon,2012,0.6,1.2,1.3,2.5,4.7,6.6
2541,So Taguchi,2002,0.4,0.4,0.6,1.4,0.1,0.4
2541,So Taguchi,2003,0.4,0.6,1.4,0.1,0.4,-0.3
2542,Greg Dobbs,2003,,-0.1,-0.5,0.2,0.8,0.9
2543,Nyjer Morgan,2004,,,,1.1,0.9,4.8
2543,Nyjer Morgan,2008,0.9,4.8,0.6,3.7,-0.4,
2545,Angel Pagan,2001,,,,,,0.3
2545,Angel Pagan,2002,,,,,0.3,0.5
2545,Angel Pagan,2003,,,,0.3,0.5,0.4
2545,Angel Pagan,2005,,0.3,0.5,0.4,2.8,4.9
2547,Wladimir Balentien,2004,,,,0.1,-1.5,1.0
2547,Wladimir Balentien,2005,,,0.1,-1.5,1.0,
2547,Wladimir Balentien,2006,,0.1,-1.5,1.0,,
2547,Wladimir Balentien,2007,0.1,-1.5,1.0,,,
2547,Wladimir Balentien,2008,-1.5,1.0,,,,
2549,Rene Tosoni,2008,,,,-0.6,,
2549,Rene Tosoni,2009,,,-0.6,,,
2549,Rene Tosoni,2010,,-0.6,,,,
2549,Rene Tosoni,2011,-0.6,,,,,
2551,Chris Marrero,2007,,,,,-0.7,
2551,Chris Marrero,2008,,,,-0.7,,-0.2
2554,Juan Rivera,2001,-0.1,-0.7,0.9,1.4,1.1,2.4
2554,Juan Rivera,2002,-0.7,0.9,1.4,1.1,2.4,-0.1
2554,Juan Rivera,2003,0.9,1.4,1.1,2.4,-0.1,-0.9
2574,Jabari Blash,2012,,,,,0.1,-0.2
2574,Jabari Blash,2013,,,,0.1,-0.2,-0.7
2574,Jabari Blash,2014,,,0.1,-0.2,-0.7,
2584,Jordan Smith,2012,,,,,,
2584,Jordan Smith,2013,,,,,,
2586,Josh Sale,2011,,,,,,
2586,Josh Sale,2013,,,,,,
2588,Jorge Polanco,2012,,,0.2,0.1,-0.1,1.6
2589,Michael Ryan,2003,0.9,-0.6,-0.7,,,
2589,Michael Ryan,2004,-0.6,-0.7,,,,
2591,Brian Stavisky,2003,,,,,,
2591,Brian Stavisky,2006,,,,,,
2592,Bob Malek,2004,,,,,,
2592,Bob Malek,2005,,,,,,
2605,Leyson Septimo,2007,,,,,,-0.1
2609,John Bowker,2005,,,,-0.8,0.1,-0.3
2609,John Bowker,2006,,,-0.8,0.1,-0.3,-0.3
2609,John Bowker,2008,-0.8,0.1,-0.3,-0.3,,
2614,Josh Harrison,2010,,0.8,0.0,0.2,4.8,1.3
2619,Alejandro Diaz,2001,,,,,,
2619,Alejandro Diaz,2002,,,,,,
2629,Travis Wilson,2002,,,,,,
2630,Tyrell Godwin,2002,,,,-0.1,,
2630,Tyrell Godwin,2003,,,-0.1,,,
2630,Tyrell Godwin,2004,,-0.1,,,,
2630,Tyrell Godwin,2005,-0.1,,,,,
2630,Tyrell Godwin,2006,,,,,,
2631,Damien Jones,2001,,,,,,
2633,Matt Allegra,2002,,,,,,
2633,Matt Allegra,2003,,,,,,
2635,Larry Cobb,2007,,,,,,
2642,Ryan Wheeler,2013,-0.6,-0.3,,,,
2658,Cristian Guerrero,2001,,,,,,
2658,Cristian Guerrero,2002,,,,,,
2658,Cristian Guerrero,2003,,,,,,
2660,Nathan Panther,2004,,,,,,
2664,Edgardo Baez,2004,,,,,,
2664,Edgardo Baez,2005,,,,,,
2664,Edgardo Baez,2006,,,,,,
2669,Ryan Ludwick,2001,,-0.2,1.2,0.1,-0.1,
2669,Ryan Ludwick,2002,-0.2,1.2,0.1,-0.1,,2.1
2669,Ryan Ludwick,2003,1.2,0.1,-0.1,,2.1,5.3
2670,Shin-Soo Choo,2001,,,,,-0.2,1.1
2670,Shin-Soo Choo,2002,,,,-0.2,1.1,0.2
2670,Shin-Soo Choo,2003,,,-0.2,1.1,0.2,3.2
2670,Shin-Soo Choo,2004,,-0.2,1.1,0.2,3.2,5.1
2670,Shin-Soo Choo,2005,-0.2,1.1,0.2,3.2,5.1,6.1
2670,Shin-Soo Choo,2006,1.1,0.2,3.2,5.1,6.1,1.6
2676,Shawn Payne,2013,,,,,,
2678,Rafael Rodriguez,2009,,,,,,
2678,Rafael Rodriguez,2010,,,,,,
2678,Rafael Rodriguez,2011,,,,,,
2678,Rafael Rodriguez,2012,,,,,,
2687,Cody Haerther,2004,,,,,,
2687,Cody Haerther,2005,,,,,,
2687,Cody Haerther,2006,,,,,,
2687,Cody Haerther,2007,,,,,,
2688,Eddy Martinez-Esteve,2005,,,,,,
2688,Eddy Martinez-Esteve,2006,,,,,,
2688,Eddy Martinez-Esteve,2007,,,,,,
2693,Brent Keys,2013,,,,,,
2693,Brent Keys,2014,,,,,,
2702,Chris Denorfia,2005,0.2,0.9,,-0.3,-0.1,1.5
2702,Chris Denorfia,2006,0.9,,-0.3,-0.1,1.5,1.0
2705,Reggie Abercrombie,2001,,,,,,-1.0
2705,Reggie Abercrombie,2002,,,,,-1.0,0.0
2705,Reggie Abercrombie,2003,,,,-1.0,0.0,0.5
2705,Reggie Abercrombie,2004,,,-1.0,0.0,0.5,
2705,Reggie Abercrombie,2005,,-1.0,0.0,0.5,,
2711,Lee Haydel,2008,,,,,,
2711,Lee Haydel,2009,,,,,,
2711,Lee Haydel,2011,,,,,,
2712,Luis Sumoza,2009,,,,,,
2715,Mac Williamson,2013,,,-0.3,0.2,-0.3,0.3
2715,Mac Williamson,2014,,-0.3,0.2,-0.3,0.3,-0.5
2718,Phillip Ervin,2014,,,,-0.1,0.4,0.6
2719,Kory DeHaan,2001,,-0.2,,,,
2719,Kory DeHaan,2002,-0.2,,,,,
2723,Marvin Lowrance,2006,,,,,,
2728,B.J. Boyd,2013,,,,,,
2728,B.J. Boyd,2014,,,,,,
2731,Neil Jenkins,2002,,,,,,
2734,Adam Lind,2005,,0.5,0.3,0.0,3.4,-0.6
2734,Adam Lind,2006,0.5,0.3,0.0,3.4,-0.6,0.2
2734,Adam Lind,2007,0.3,0.0,3.4,-0.6,0.2,-0.1
2739,Scott Kirby,2001,,,,,,
2742,Allen Craig,2010,-0.1,2.3,2.3,2.5,-1.6,-0.9
2742,Allen Craig,2011,2.3,2.3,2.5,-1.6,-0.9,
2749,Richard Gomez,2001,,,,,,
2752,Rick Ankiel,2006,,1.5,1.7,0.1,0.6,1.2
2753,Francisco Leandro,2006,,,,,,
2759,Daniel Brewer,2011,,,,,,
2761,Delvi Cid,2009,,,,,,
2767,Drew Vettleson,2011,,,,,,
2767,Drew Vettleson,2012,,,,,,
2767,Drew Vettleson,2013,,,,,,
2767,Drew Vettleson,2014,,,,,,
2771,Jake Fox,2008,,0.1,-0.8,-0.4,,
2771,Jake Fox,2009,0.1,-0.8,-0.4,,,
2774,Danny Dorn,2008,,,,,,
2774,Danny Dorn,2009,,,,,,
2777,Ty Kelly,2013,,,,0.4,-0.2,-0.2
2781,Matt Szczur,2011,,,,0.0,-0.1,0.6
2781,Matt Szczur,2012,,,0.0,-0.1,0.6,0.4
2781,Matt Szczur,2013,,0.0,-0.1,0.6,0.4,-0.4
2781,Matt Szczur,2014,0.0,-0.1,0.6,0.4,-0.4,
2784,Anthony Alford,2013,,,,,-0.1,-0.1
2786,Brian Buchanan,2001,0.6,0.7,0.6,-0.7,,
2787,Luis Saturria,2001,0.0,,,,,
2788,B.J. Barns,2001,,,,,,
2788,B.J. Barns,2002,,,,,,
2792,Luke Lockwood,2001,,,,,,
2794,Reid Fronk,2009,,,,,,
2796,Tyler Massey,2009,,,,,,
2796,Tyler Massey,2010,,,,,,
2804,Rob Johnson,2009,-2.0,-1.7,-1.0,-0.4,-0.4,
2807,Ty Morrison,2009,,,,,,
2807,Ty Morrison,2010,,,,,,
2807,Ty Morrison,2011,,,,,,
2807,Ty Morrison,2013,,,,,,
2810,Rick Asadoorian,2001,,,,,,
2810,Rick Asadoorian,2002,,,,,,
2810,Rick Asadoorian,2003,,,,,,
2814,Joe Mather,2008,0.6,,-0.8,-0.4,-1.2,
2818,Zach Borenstein,2014,,,,,,
2821,Bill Ortega,2001,0.0,,,,,
2821,Bill Ortega,2002,,,,,,
2824,Tagg Bozied,2002,,,,,,
2827,Mewelde Moore,2001,,,,,,
2829,Scott Van Slyke,2010,,,-0.2,0.7,2.8,0.9
2829,Scott Van Slyke,2012,-0.2,0.7,2.8,0.9,-0.5,-0.3
2829,Scott Van Slyke,2013,0.7,2.8,0.9,-0.5,-0.3,
2838,Alex Presley,2011,1.1,0.0,0.3,-0.2,-0.2,-0.6
2839,Ryan Royster,2008,,,,,,
2839,Ryan Royster,2009,,,,,,
2840,Jose Martinez,2008,,,,,,
2840,Jose Martinez,2009,,,,,,
2840,Jose Martinez,2010,,,,,,
2840,Jose Martinez,2012,,,,,0.3,1.6
2842,D.J. Davis,2013,,,,,,
2842,D.J. Davis,2014,,,,,,
2845,Jason Botts,2002,,,,0.0,-0.1,0.8
2845,Jason Botts,2003,,,0.0,-0.1,0.8,-0.2
2845,Jason Botts,2004,,0.0,-0.1,0.8,-0.2,
2845,Jason Botts,2005,0.0,-0.1,0.8,-0.2,,
2845,Jason Botts,2006,-0.1,0.8,-0.2,,,
2845,Jason Botts,2007,0.8,-0.2,,,,
2855,LeVon Washington,2011,,,,,,
2855,LeVon Washington,2012,,,,,,
2863,Ryan Flaherty,2012,-0.5,1.2,0.7,0.2,0.0,-0.1
2874,Jeremy Slayden,2006,,,,,,
2874,Jeremy Slayden,2007,,,,,,
2877,Darin Ruf,2013,0.8,0.3,-0.3,-0.8,,
2879,Chuckie Jones,2011,,,,,,
2879,Chuckie Jones,2012,,,,,,
2885,Brian Pettway,2006,,,,,,
2885,Brian Pettway,2007,,,,,,
2890,Barrett Barnes,2013,,,,,,
2890,Barrett Barnes,2014,,,,,,
2894,Josh Bonifay,2003,,,,,,
2899,Christian Marrero,2010,,,,,,
2900,D'Vontrey Richardson,2010,,,,,,
2900,D'Vontrey Richardson,2011,,,,,,
2900,D'Vontrey Richardson,2012,,,,,,
2900,D'Vontrey Richardson,2014,,,,,,
2917,Yordany Ramirez,2005,,,,,,
2917,Yordany Ramirez,2008,,,,,,
2919,Dennis Raben,2009,,,,,,
2926,Tim Olson,2001,,,,-0.6,0.0,
2926,Tim Olson,2003,,-0.6,0.0,,,
2930,Shaun Cumberland,2004,,,,,,
2930,Shaun Cumberland,2006,,,,,,
2930,Shaun Cumberland,2007,,,,,,
2932,Adam Jones,2006,-0.2,0.2,1.5,1.5,2.5,2.5
2932,Adam Jones,2007,0.2,1.5,1.5,2.5,2.5,4.4
2940,Omar Garcia,2014,,,,,,
2949,Grady Sizemore,2001,,,,1.0,5.6,7.9
2949,Grady Sizemore,2002,,,1.0,5.6,7.9,6.4
2949,Grady Sizemore,2003,,1.0,5.6,7.9,6.4,7.4
2949,Grady Sizemore,2004,1.0,5.6,7.9,6.4,7.4,2.1
2957,Brett Jackson,2010,,,0.2,,-0.1,
2957,Brett Jackson,2011,,0.2,,-0.1,,
2957,Brett Jackson,2012,0.2,,-0.1,,,
2957,Brett Jackson,2013,,-0.1,,,,
2958,Tyrell Worthington,2008,,,,,,
2958,Tyrell Worthington,2009,,,,,,
2972,Matt Joyce,2006,,,1.6,-0.2,1.9,3.6
2972,Matt Joyce,2007,,1.6,-0.2,1.9,3.6,1.9
2972,Matt Joyce,2008,1.6,-0.2,1.9,3.6,1.9,2.0
2980,Bubba Starling,2012,,,,,,
2980,Bubba Starling,2013,,,,,,
2980,Bubba Starling,2014,,,,,,-0.5
2985,Luke Allen,2002,0.0,-0.1,,,,
2985,Luke Allen,2003,-0.1,,,,,
2986,Jon Knott,2003,,0.0,,-0.1,0.0,
2986,Jon Knott,2004,0.0,,-0.1,0.0,,
2986,Jon Knott,2005,,-0.1,0.0,,,
2986,Jon Knott,2006,-0.1,0.0,,,,
2988,Juan Acevedo,2001,,,,,,
2991,Juan Senreiso,2003,,,,,,
2991,Juan Senreiso,2005,,,,,,
2993,Alex Castellanos,2012,-0.2,-0.2,,,,
2993,Alex Castellanos,2013,-0.2,,,,,
3000,Bobby Kielty,2001,-0.1,2.7,0.3,0.0,1.0,0.2
3000,Bobby Kielty,2002,2.7,0.3,0.0,1.0,0.2,-0.2
3002,Jamal Strong,2001,,,-0.1,,0.2,
3002,Jamal Strong,2002,,-0.1,,0.2,,
3002,Jamal Strong,2003,-0.1,,0.2,,,
3002,Jamal Strong,2004,,0.2,,,,
3002,Jamal Strong,2005,0.2,,,,,
3003,Carl Crawford,2001,,0.7,1.9,5.1,4.8,4.7
3003,Carl Crawford,2002,0.7,1.9,5.1,4.8,4.7,3.3
3005,David Winfree,2009,,,,,,
3010,Domingo Santana,2010,,,,,-0.5,0.5
3010,Domingo Santana,2011,,,,-0.5,0.5,0.2
3010,Domingo Santana,2012,,,-0.5,0.5,0.2,3.3
3010,Domingo Santana,2013,,-0.5,0.5,0.2,3.3,0.7
3010,Domingo Santana,2014,-0.5,0.5,0.2,3.3,0.7,0.0
3016,Jake Blalock,2003,,,,,,
3016,Jake Blalock,2004,,,,,,
3016,Jake Blalock,2005,,,,,,
3016,Jake Blalock,2006,,,,,,
3021,John Shelby,2008,,,,,,
3021,John Shelby,2009,,,,,,
3021,John Shelby,2010,,,,,,
3030,Jimmy Van Ostrand,2008,,,,,,
3032,Jordan Danks,2009,,,,-0.1,0.0,0.2
3032,Jordan Danks,2010,,,-0.1,0.0,0.2,-0.1
3032,Jordan Danks,2011,,-0.1,0.0,0.2,-0.1,
3032,Jordan Danks,2012,-0.1,0.0,0.2,-0.1,,
3035,Kirk Nieuwenhuis,2010,,,0.5,0.3,1.1,0.0
3035,Kirk Nieuwenhuis,2011,,0.5,0.3,1.1,0.0,0.7
3035,Kirk Nieuwenhuis,2012,0.5,0.3,1.1,0.0,0.7,-0.2
3041,Mike Trout,2010,,0.7,10.1,10.2,8.3,9.3
3041,Mike Trout,2011,0.7,10.1,10.2,8.3,9.3,9.7
3041,Mike Trout,2012,10.1,10.2,8.3,9.3,9.7,6.8
3044,Alexis Gomez,2001,,-0.1,,-0.1,-0.3,0.3
3044,Alexis Gomez,2002,-0.1,,-0.1,-0.3,0.3,
3044,Alexis Gomez,2003,,-0.1,-0.3,0.3,,
3044,Alexis Gomez,2004,-0.1,-0.3,0.3,,,
3058,Jesus Solorzano,2012,,,,,,
3058,Jesus Solorzano,2013,,,,,,
3058,Jesus Solorzano,2014,,,,,,
3061,Osmany Santana,2001,,,,,,
3066,Ryan Strieby,2010,,,,,,
3066,Ryan Strieby,2011,,,,,,
3069,Jason Heyward,2008,,,4.6,1.9,5.3,3.1
3069,Jason Heyward,2009,,4.6,1.9,5.3,3.1,4.7
3069,Jason Heyward,2010,4.6,1.9,5.3,3.1,4.7,5.6
3071,Steven Moya,2013,,0.0,-0.1,-0.2,,
3071,Steven Moya,2014,0.0,-0.1,-0.2,,,
3074,Julio Ramirez,2001,-0.3,0.1,-0.1,,-0.1,
3080,Josh Anderson,2004,,,,0.2,0.7,-0.1
3080,Josh Anderson,2005,,,0.2,0.7,-0.1,
3080,Josh Anderson,2006,,0.2,0.7,-0.1,,
3080,Josh Anderson,2007,0.2,0.7,-0.1,,,
3080,Josh Anderson,2008,0.7,-0.1,,,,
3081,Jeff Frazier,2005,,,,,,0.1
3081,Jeff Frazier,2006,,,,,0.1,
3081,Jeff Frazier,2007,,,,0.1,,
3089,Matt den Dekker,2011,,,0.0,1.0,0.4,0.1
3089,Matt den Dekker,2012,,0.0,1.0,0.4,0.1,0.0
3089,Matt den Dekker,2013,0.0,1.0,0.4,0.1,0.0,-0.5
3089,Matt den Dekker,2014,1.0,0.4,0.1,0.0,-0.5,
3092,Jay Austin,2009,,,,,,
3092,Jay Austin,2010,,,,,,
3092,Jay Austin,2011,,,,,,
3093,Anthony Gose,2009,,,,0.6,0.1,0.9
3093,Anthony Gose,2010,,,0.6,0.1,0.9,0.6
3093,Anthony Gose,2011,,0.6,0.1,0.9,0.6,0.0
3093,Anthony Gose,2012,0.6,0.1,0.9,0.6,0.0,
3096,Roderick Bernadina,2012,,,,,,
3100,Bubba Crosby,2001,,,-0.1,-0.4,-0.1,-0.5
3100,Bubba Crosby,2002,,-0.1,-0.4,-0.1,-0.5,
3102,Eric Crozier,2005,,,,,,
3103,Jorge Padilla,2001,,,,,,
3103,Jorge Padilla,2002,,,,,,
3103,Jorge Padilla,2003,,,,,,
3103,Jorge Padilla,2004,,,,,,-0.3
3106,Melky Cabrera,2004,,-0.5,1.6,0.5,0.3,1.5
3106,Melky Cabrera,2005,-0.5,1.6,0.5,0.3,1.5,-1.5
3106,Melky Cabrera,2006,1.6,0.5,0.3,1.5,-1.5,3.9
3107,Colby Rasmus,2006,,,,2.7,4.0,0.5
3107,Colby Rasmus,2007,,,2.7,4.0,0.5,1.2
3107,Colby Rasmus,2008,,2.7,4.0,0.5,1.2,3.9
3107,Colby Rasmus,2009,2.7,4.0,0.5,1.2,3.9,1.5
3112,Andrew Lambo,2008,,,,,,0.0
3112,Andrew Lambo,2009,,,,,0.0,0.0
3112,Andrew Lambo,2010,,,,0.0,0.0,-0.4
3112,Andrew Lambo,2011,,,0.0,0.0,-0.4,0.0
3112,Andrew Lambo,2014,0.0,-0.4,0.0,,,
3117,Lew Ford,2001,,,1.0,3.4,1.5,0.0
3117,Lew Ford,2003,1.0,3.4,1.5,0.0,-0.1,
3117,Lew Ford,2004,3.4,1.5,0.0,-0.1,,
3118,Josue Perez,2001,,,,,,
3119,Todd Donovan,2002,,,,,,
3121,Vic Buttler,2003,,,,,,
3131,Jose Tabata,2006,,,,,1.7,0.5
3131,Jose Tabata,2007,,,,1.7,0.5,-0.3
3131,Jose Tabata,2008,,,1.7,0.5,-0.3,1.0
3131,Jose Tabata,2009,,1.7,0.5,-0.3,1.0,-0.4
3131,Jose Tabata,2010,1.7,0.5,-0.3,1.0,-0.4,-0.4
3133,Keenyn Walker,2012,,,,,,
3133,Keenyn Walker,2013,,,,,,
3133,Keenyn Walker,2014,,,,,,
3140,Corey Patterson,2001,-0.2,0.2,2.5,5.0,-0.5,3.8
3144,Alex Requena,2001,,,,,,
3144,Alex Requena,2002,,,,,,
3148,Antonio Sucre,2004,,,,,,
3159,Randal Grichuk,2010,,,,,0.3,3.0
3159,Randal Grichuk,2011,,,,0.3,3.0,2.2
3159,Randal Grichuk,2012,,,0.3,3.0,2.2,1.5
3159,Randal Grichuk,2013,,0.3,3.0,2.2,1.5,2.1
3159,Randal Grichuk,2014,0.3,3.0,2.2,1.5,2.1,0.5
3163,McKay Christensen,2001,0.2,0.1,,,,
3165,Eric Johnson,2001,,,,,,
3166,Jeff Deardorff,2002,,,,,,
3175,Jeremy Hazelbaker,2011,,,,,,0.1
3177,Delta Cleary,2009,,,,,,
3177,Delta Cleary,2010,,,,,,
3181,Josh Bell,2012,,,,,-0.1,0.6
3181,Josh Bell,2013,,,,-0.1,0.6,0.9
3181,Josh Bell,2014,,,-0.1,0.6,0.9,2.5
3183,Jason Grove,2002,,,,,,
3186,Greg Porter,2002,,,,,,
3187,Shaun Boyd,2001,,,,,,
3187,Shaun Boyd,2004,,,,,,
3189,Jarrod Dyson,2011,0.2,1.5,1.4,2.4,1.4,2.7
3190,Chris Pettit,2008,,0.0,,0.0,,
3190,Chris Pettit,2009,0.0,,0.0,,,
3190,Chris Pettit,2010,,0.0,,,,
3195,Yorman Rodriguez,2009,,,,,,-0.2
3195,Yorman Rodriguez,2010,,,,,-0.2,
3195,Yorman Rodriguez,2011,,,,-0.2,,
3195,Yorman Rodriguez,2012,,,-0.2,,,
3195,Yorman Rodriguez,2013,,-0.2,,,,
3195,Yorman Rodriguez,2014,-0.2,,,,,
3196,Michael Coleman,2001,-0.5,,,,,
3199,Dustin Majewski,2004,,,,,,
3209,Delino Deshields,2011,,,,,1.6,0.1
3209,Delino Deshields,2014,,1.6,0.1,2.1,0.2,0.8
3210,Kenny Peoples-Walls,2014,,,,,,
3211,Jeff Liefer,2001,0.3,-0.3,-1.0,-0.2,-0.4,
3222,Mike Daniel,2008,,,,,,
3224,Thomas Neal,2007,,,,,,-0.3
3224,Thomas Neal,2009,,,,-0.3,-0.2,
3224,Thomas Neal,2010,,,-0.3,-0.2,,
3224,Thomas Neal,2011,,-0.3,-0.2,,,
3224,Thomas Neal,2013,-0.2,,,,,
3225,Mitch Dening,2009,,,,,,
3227,Chris Hawkins,2011,,,,,,
3227,Chris Hawkins,2012,,,,,,
3227,Chris Hawkins,2013,,,,,,
3231,Jesse Winker,2013,,,,,0.5,0.9
3231,Jesse Winker,2014,,,,0.5,0.9,1.0
3237,Tony Miller,2002,,,,,,
3237,Tony Miller,2003,,,,,,
3237,Tony Miller,2004,,,,,,
3238,Jason Perry,2005,,,,-0.2,,
3242,Sean Henry,2007,,,,,,
3244,Evan Gattis,2013,2.1,2.1,0.3,3.0,1.4,-0.1
3249,Cody Johnson,2008,,,,,,
3249,Cody Johnson,2009,,,,,,
3249,Cody Johnson,2010,,,,,,
3258,Miles Durham,2001,,,,,,
3271,John Matulia,2006,,,,,,
3279,Cory Sullivan,2003,,,0.6,-0.5,-0.1,-0.2
3279,Cory Sullivan,2004,,0.6,-0.5,-0.1,-0.2,0.3
3279,Cory Sullivan,2005,0.6,-0.5,-0.1,-0.2,0.3,-0.5
3282,Josh Burrus,2005,,,,,,
3282,Josh Burrus,2006,,,,,,
3284,Jamie Hoffmann,2006,,,,0.0,,-0.1
3284,Jamie Hoffmann,2009,0.0,,-0.1,,,
3284,Jamie Hoffmann,2010,,-0.1,,,,
3291,Justin Williams,2014,,,,,0.0,
3299,K.C. Herren,2005,,,,,,
3300,J.D. Martinez,2011,1.1,-0.3,-0.9,3.8,5.2,2.3
3303,Markus Brisker,2009,,,,,,
3306,Mason Williams,2011,,,,,0.2,-0.1
3306,Mason Williams,2012,,,,0.2,-0.1,-0.1
3306,Mason Williams,2013,,,0.2,-0.1,-0.1,0.0
3306,Mason Williams,2014,,0.2,-0.1,-0.1,0.0,-0.1
3311,Miguel Negron,2002,,,,,,
3311,Miguel Negron,2003,,,,,,
3311,Miguel Negron,2004,,,,,,
3311,Miguel Negron,2005,,,,,,
3321,Prentice Redman,2001,,,-0.2,,,
3321,Prentice Redman,2002,,-0.2,,,,
3321,Prentice Redman,2003,-0.2,,,,,
3321,Prentice Redman,2004,,,,,,
3322,Chris Roberson,2004,,,-0.2,0.1,,
3322,Chris Roberson,2005,,-0.2,0.1,,,
3322,Chris Roberson,2006,-0.2,0.1,,,,
3324,Marcus McBeth,2002,,,,,,0.3
3324,Marcus McBeth,2003,,,,,0.3,
3324,Marcus McBeth,2004,,,,0.3,,
3329,Jesus Galindo,2012,,,,,,
3331,Billy McKinney,2014,,,,,0.0,0.0
3333,Carlos Tocci,2012,,,,,,
3333,Carlos Tocci,2013,,,,,,-0.5
3333,Carlos Tocci,2014,,,,,-0.5,
3340,Thomas Brice,2003,,,,,,
3347,Brett Gardner,2006,,,1.1,2.3,6.2,5.1
3347,Brett Gardner,2007,,1.1,2.3,6.2,5.1,0.4
3347,Brett Gardner,2008,1.1,2.3,6.2,5.1,0.4,3.3
3347,Brett Gardner,2009,2.3,6.2,5.1,0.4,3.3,3.3
3355,Pablo Ozuna,2003,0.0,,-0.2,-0.2,-0.7,-0.5
3358,Blake Balkcom,2004,,,,,,
3363,Justin Upton,2007,-0.6,0.6,4.9,2.5,6.3,2.5
3372,Alex Sanchez,2001,-0.3,0.7,-0.6,-0.1,-0.5,
3381,John Drennen,2006,,,,,,
3381,John Drennen,2007,,,,,,
3381,John Drennen,2008,,,,,,
3385,Greg Halman,2007,,,,-0.1,-0.3,
3385,Greg Halman,2008,,,-0.1,-0.3,,
3385,Greg Halman,2009,,-0.1,-0.3,,,
3385,Greg Halman,2010,-0.1,-0.3,,,,
3385,Greg Halman,2011,-0.3,,,,,
3396,Tommy Murphy,2006,0.3,0.1,,,,
3396,Tommy Murphy,2007,0.1,,,,,
3407,Rashun Dixon,2009,,,,,,
3407,Rashun Dixon,2011,,,,,,
3412,Jonathan Guzman,2001,,,,,,
3418,Carlos Quentin,2004,,,0.9,-0.1,4.7,-0.5
3418,Carlos Quentin,2005,,0.9,-0.1,4.7,-0.5,-0.3
3418,Carlos Quentin,2006,0.9,-0.1,4.7,-0.5,-0.3,2.5
3420,Tommy Giles,2010,,,,,,
3422,Preston Mattingly,2008,,,,,,
3431,Aaron Rowand,2001,1.3,0.7,1.4,5.8,3.8,1.2
3431,Aaron Rowand,2002,0.7,1.4,5.8,3.8,1.2,5.4
3437,Drew Meyer,2004,,,-0.2,,,
3437,Drew Meyer,2006,-0.2,,,,,
3441,Logan Watkins,2011,,,-0.1,-0.4,,
3441,Logan Watkins,2012,,-0.1,-0.4,,,
3441,Logan Watkins,2013,-0.1,-0.4,,,,
3448,Bucky Jacobsen,2001,,,,0.5,,
3451,Marlon Byrd,2001,,-0.2,3.6,-1.5,0.5,0.4
3451,Marlon Byrd,2002,-0.2,3.6,-1.5,0.5,0.4,2.5
3451,Marlon Byrd,2003,3.6,-1.5,0.5,0.4,2.5,3.1
3462,Chris Getz,2009,0.9,-0.1,0.6,0.6,-0.3,-0.2
3464,Ryan Harvey,2004,,,,,,
3464,Ryan Harvey,2005,,,,,,
3464,Ryan Harvey,2006,,,,,,
3464,Ryan Harvey,2007,,,,,,
3466,Billy Burns,2013,,-0.2,1.9,-0.6,-0.1,
3466,Billy Burns,2014,-0.2,1.9,-0.6,-0.1,,
3473,Tim Raines,2001,-0.1,,-0.3,0.7,,
3473,Tim Raines,2002,,-0.3,0.7,,,
3473,Tim Raines,2004,0.7,,,,,
3479,Josh Kroeger,2001,,,,-0.3,,
3479,Josh Kroeger,2002,,,-0.3,,,
3479,Josh Kroeger,2003,,-0.3,,,,
3479,Josh Kroeger,2004,-0.3,,,,,
3479,Josh Kroeger,2005,,,,,,
3479,Josh Kroeger,2006,,,,,,
3483,Caleb Gindl,2008,,,,,,0.7
3483,Caleb Gindl,2009,,,,,0.7,-0.3
3483,Caleb Gindl,2010,,,,0.7,-0.3,
3483,Caleb Gindl,2011,,,0.7,-0.3,,
3483,Caleb Gindl,2012,,0.7,-0.3,,,
3483,Caleb Gindl,2013,0.7,-0.3,,,,
3490,Stephen Smitherman,2002,,-0.3,,,,
3490,Stephen Smitherman,2003,-0.3,,,,,
3490,Stephen Smitherman,2004,,,,,,
3490,Stephen Smitherman,2005,,,,,,
3493,Jose Constanza,2007,,,,,0.7,0.1
3503,Trayvon Robinson,2010,,-0.9,-0.3,,,
3503,Trayvon Robinson,2011,-0.9,-0.3,,,,
3505,Francisco Martinez,2013,,,,,,
3507,Amaury Cazana-Marti,2007,,,,,,
3516,Austin Wates,2011,,,,,,
3516,Austin Wates,2012,,,,,,
3516,Austin Wates,2013,,,,,,
3518,Juan Duran,2009,,,,,,
3518,Juan Duran,2010,,,,,,
3518,Juan Duran,2011,,,,,,
3518,Juan Duran,2012,,,,,,
3539,Domonic Brown,2008,,,-0.7,-0.3,0.1,2.4
3539,Domonic Brown,2009,,-0.7,-0.3,0.1,2.4,-1.1
3539,Domonic Brown,2010,-0.7,-0.3,0.1,2.4,-1.1,-0.4
3539,Domonic Brown,2011,-0.3,0.1,2.4,-1.1,-0.4,
3543,Sean Buckley,2012,,,,,,
3547,Ron Calloway,2002,,-0.6,-0.8,,,
3547,Ron Calloway,2003,-0.6,-0.8,,,,
3555,Jordan Schafer,2006,,,,-0.7,,0.5
3555,Jordan Schafer,2007,,,-0.7,,0.5,-0.4
3555,Jordan Schafer,2008,,-0.7,,0.5,-0.4,0.9
3555,Jordan Schafer,2009,-0.7,,0.5,-0.4,0.9,0.2
3562,Willy Garcia,2013,,,,,-0.2,
3562,Willy Garcia,2014,,,,-0.2,,
3566,Jason Hart,2003,,,,,,
3568,Matt Watson,2002,,-0.1,,0.0,,
3572,Ryan Spilborghs,2006,0.5,1.6,0.7,0.1,-0.9,-1.5
3576,Chris Young,2004,,,0.3,0.8,2.2,0.4
3576,Chris Young,2005,,0.3,0.8,2.2,0.4,4.2
3576,Chris Young,2006,0.3,0.8,2.2,0.4,4.2,4.6
3576,Chris Young,2007,0.8,2.2,0.4,4.2,4.6,1.8
3577,Tyler Colvin,2007,,,-0.1,1.8,-1.1,2.2
3577,Tyler Colvin,2008,,-0.1,1.8,-1.1,2.2,-0.9
3577,Tyler Colvin,2009,-0.1,1.8,-1.1,2.2,-0.9,0.1
3577,Tyler Colvin,2010,1.8,-1.1,2.2,-0.9,0.1,
3586,Alex Escobar,2001,-0.4,,0.7,0.9,,0.1
3586,Alex Escobar,2002,,0.7,0.9,,0.1,
3586,Alex Escobar,2003,0.7,0.9,,0.1,,
3591,Mitch Moreland,2010,0.7,0.2,0.7,0.7,-0.5,2.2
3596,Tyler Austin,2013,,,,0.1,-0.1,0.3
3596,Tyler Austin,2014,,,0.1,-0.1,0.3,0.3
3597,Socrates Brito,2012,,,,0.5,-0.4,
3597,Socrates Brito,2013,,,0.5,-0.4,,-0.3
3603,Elvis Escobar,2014,,,,,,
3604,Clint Frazier,2014,,,,-0.3,-0.1,0.1
3605,Harold Ramirez,2013,,,,,,
3605,Harold Ramirez,2014,,,,,,0.4
3608,Patrick Boyd,2002,,,,,,
3608,Patrick Boyd,2003,,,,,,
3608,Patrick Boyd,2004,,,,,,
3609,Nathan Haynes,2001,,,,,,
3609,Nathan Haynes,2002,,,,,,0.2
3609,Nathan Haynes,2003,,,,,0.2,-0.2
3610,Arturo McDowell,2001,,,,,,
3613,Juan Carlos Linares,2011,,,,,,
3616,Gorkys Hernandez,2007,,,,,,-0.1
3616,Gorkys Hernandez,2008,,,,,-0.1,
3616,Gorkys Hernandez,2009,,,,-0.1,,
3616,Gorkys Hernandez,2010,,,-0.1,,,-0.1
3616,Gorkys Hernandez,2011,,-0.1,,,-0.1,0.4
3616,Gorkys Hernandez,2012,-0.1,,,-0.1,0.4,0.4
3621,Kennard Jones,2003,,,,,,
3621,Kennard Jones,2004,,,,,,
3625,Logan Schafer,2009,,,0.1,0.3,-0.2,-0.2
3625,Logan Schafer,2010,,0.1,0.3,-0.2,-0.2,-0.3
3625,Logan Schafer,2011,0.1,0.3,-0.2,-0.2,-0.3,0.2
3625,Logan Schafer,2012,0.3,-0.2,-0.2,-0.3,0.2,
3625,Logan Schafer,2013,-0.2,-0.2,-0.3,0.2,,
3628,Zach Collier,2009,,,,,,
3628,Zach Collier,2010,,,,,,
3628,Zach Collier,2012,,,,,,
3628,Zach Collier,2013,,,,,,
3628,Zach Collier,2014,,,,,,
3629,Nick Williams,2013,,,,,0.7,0.2
3629,Nick Williams,2014,,,,0.7,0.2,-0.9
3638,Alex Romero,2003,,,,,,-1.1
3638,Alex Romero,2004,,,,,-1.1,-0.2
3638,Alex Romero,2005,,,,-1.1,-0.2,
3638,Alex Romero,2006,,,-1.1,-0.2,,
3638,Alex Romero,2007,,-1.1,-0.2,,,
3638,Alex Romero,2008,-1.1,-0.2,,,,
3643,Tyler Kuhn,2012,,,,,,
3646,Brandon Short,2011,,,,,,
3646,Brandon Short,2012,,,,,,
3647,Angelo Songco,2011,,,,,,
3647,Angelo Songco,2012,,,,,,
3648,Joey Terdoslavich,2014,0.0,0.1,,,,
3650,Billy Hamilton,2013,0.6,2.7,1.2,2.9,1.2,1.3
3650,Billy Hamilton,2014,2.7,1.2,2.9,1.2,1.3,0.4
3656,Jeremy Cleveland,2004,,,,,,
3656,Jeremy Cleveland,2005,,,,,,
3663,Joey Votto,2008,3.6,4.6,6.9,6.4,5.3,5.7
3666,Matt Angle,2008,,,,-0.1,,
3666,Matt Angle,2009,,,-0.1,,,
3666,Matt Angle,2010,,-0.1,,,,
3666,Matt Angle,2011,-0.1,,,,,
3666,Matt Angle,2012,,,,,,
3667,Tim Battle,2005,,,,,,
3667,Tim Battle,2006,,,,,,
3672,Billy Rowell,2010,,,,,,
3688,Jacoby Ellsbury,2006,,1.2,4.2,2.1,-0.2,9.5
3688,Jacoby Ellsbury,2007,1.2,4.2,2.1,-0.2,9.5,0.8
3688,Jacoby Ellsbury,2008,4.2,2.1,-0.2,9.5,0.8,4.6
3695,Brandon Laird,2012,0.1,-0.2,,,,
3702,Christhian Vasquez,2014,,,,,,
3703,Micker Zapata,2014,,,,,,
3715,Kyle Weiland,2009,,,-0.4,-0.3,,
3732,Salvador Sanchez,2005,,,,,,
3732,Salvador Sanchez,2008,,,,,,
3734,Cody Rogers,2010,,,,,,
3744,George Lombard,2001,,0.0,-0.3,,,0.1
3753,Delmon Young,2004,,,1.0,-0.2,-0.9,-1.3
3753,Delmon Young,2005,,1.0,-0.2,-0.9,-1.3,1.7
3753,Delmon Young,2006,1.0,-0.2,-0.9,-1.3,1.7,-0.4
3753,Delmon Young,2007,-0.2,-0.9,-1.3,1.7,-0.4,-1.1
3757,Gregory Polanco,2013,,0.5,2.2,2.2,0.6,2.5
3757,Gregory Polanco,2014,0.5,2.2,2.2,0.6,2.5,-0.2
3778,Ariel Ovando,2011,,,,,,
3778,Ariel Ovando,2012,,,,,,
3779,Jason Fitzgerald,2001,,,,,,
3783,Victor Hall,2001,,,,,,
3783,Victor Hall,2002,,,,,,
3783,Victor Hall,2003,,,,,,
3784,Chris Carter,2005,,,,0.0,-0.1,0.0
3784,Chris Carter,2006,,,0.0,-0.1,0.0,
3784,Chris Carter,2008,0.0,-0.1,0.0,,,
3787,Brandon Moss,2005,,,0.1,0.6,-0.1,-0.3
3787,Brandon Moss,2006,,0.1,0.6,-0.1,-0.3,-0.1
3787,Brandon Moss,2007,0.1,0.6,-0.1,-0.3,-0.1,2.4
3787,Brandon Moss,2008,0.6,-0.1,-0.3,-0.1,2.4,2.4
3792,Eric Eiland,2008,,,,,,
3792,Eric Eiland,2009,,,,,,
3793,Robbie Grossman,2009,,,,,0.3,0.6
3793,Robbie Grossman,2010,,,,0.3,0.6,-0.3
3793,Robbie Grossman,2011,,,0.3,0.6,-0.3,0.8
3793,Robbie Grossman,2012,,0.3,0.6,-0.3,0.8,0.6
3793,Robbie Grossman,2013,0.3,0.6,-0.3,0.8,0.6,0.8
3795,Austin Schotts,2013,,,,,,
3806,Danny Putnam,2005,,,-0.3,,,
3806,Danny Putnam,2006,,-0.3,,,,
3806,Danny Putnam,2007,-0.3,,,,,
3809,Richie Robnett,2005,,,,,,
3809,Richie Robnett,2006,,,,,,
3809,Richie Robnett,2007,,,,,,
3809,Richie Robnett,2008,,,,,,
3810,Greg Golson,2005,,,,-0.2,0.0,0.1
3810,Greg Golson,2006,,,-0.2,0.0,0.1,-0.1
3810,Greg Golson,2007,,-0.2,0.0,0.1,-0.1,
3810,Greg Golson,2008,-0.2,0.0,0.1,-0.1,,
3810,Greg Golson,2009,0.0,0.1,-0.1,,,
3816,Ryan Bolden,2011,,,,,,
3817,Victor Roache,2013,,,,,,
3817,Victor Roache,2014,,,,,,
3821,Jody Gerut,2001,,,3.2,0.7,-0.1,
3822,Wilkin Ruan,2001,,0.0,0.2,,,
3822,Wilkin Ruan,2002,0.0,0.2,,,,
3822,Wilkin Ruan,2003,0.2,,,,,
3823,Kevin Thompson,2003,,,,0.5,-0.6,
3823,Kevin Thompson,2005,,0.5,-0.6,,,
3823,Kevin Thompson,2006,0.5,-0.6,,,,
3825,Ben Harrison,2007,,,,,,
3830,Kenard Springer,2004,,,,,,
3835,Bryson Myles,2012,,,,,,
3837,Kelly Dugan,2010,,,,,,
3837,Kelly Dugan,2011,,,,,,
3837,Kelly Dugan,2014,,,,,,
3838,Jonathan Singleton,2011,,,,-0.9,0.0,
3838,Jonathan Singleton,2012,,,-0.9,0.0,,
3838,Jonathan Singleton,2013,,-0.9,0.0,,,
3847,Ray Sadler,2003,,,0.1,,,
3860,George Springer,2012,,,1.9,3.9,5.0,4.5
3860,George Springer,2013,,1.9,3.9,5.0,4.5,2.9
3860,George Springer,2014,1.9,3.9,5.0,4.5,2.9,6.5
3862,Jason Bay,2003,1.2,1.8,5.7,5.2,-1.0,3.0
3862,Jason Bay,2004,1.8,5.7,5.2,-1.0,3.0,4.6
3864,Bo Ivy,2001,,,,,,
3866,Jamar Hill,2005,,,,,,
3869,Kevin Mattison,2012,-0.1,,,,,
3873,Leon Landry,2011,,,,,,
3873,Leon Landry,2013,,,,,,
3890,T.J. Steele,2009,,,,,,
3890,T.J. Steele,2010,,,,,,
3893,Che-Hsuan Lin,2008,,,,,-0.1,
3893,Che-Hsuan Lin,2009,,,,-0.1,,
3893,Che-Hsuan Lin,2010,,,-0.1,,,
3893,Che-Hsuan Lin,2011,,-0.1,,,,
3896,Charlton Jimerson,2002,,,,0.0,0.1,0.2
3896,Charlton Jimerson,2003,,,0.0,0.1,0.2,-0.1
3896,Charlton Jimerson,2004,,0.0,0.1,0.2,-0.1,
3898,Alhaji Turay,2003,,,,,,
3898,Alhaji Turay,2005,,,,,,
3912,Tyler Davidson,2004,,,,,,
3914,Tim Lemon,2001,,,,,,
3917,Matt Kemp,2005,,-0.4,1.6,3.3,4.9,0.0
3917,Matt Kemp,2006,-0.4,1.6,3.3,4.9,0.0,8.3
3932,Ben Broussard,2001,,-0.2,0.5,2.1,0.9,0.5
3932,Ben Broussard,2003,0.5,2.1,0.9,0.5,-0.3,-0.9
3933,Mario Encarnacion,2001,-0.2,-0.2,,,,
3933,Mario Encarnacion,2002,-0.2,,,,,
3943,Daniel Stegall,2007,,,,,,
3944,Denny Almonte,2008,,,,,,
3944,Denny Almonte,2009,,,,,,
3945,James Jones,2010,,,,,-0.3,-0.6
3945,James Jones,2011,,,,-0.3,-0.6,
3945,James Jones,2014,-0.3,-0.6,,,,
3946,Moises Sierra,2008,,,,,-0.3,0.4
3946,Moises Sierra,2010,,,-0.3,0.4,-0.1,
3946,Moises Sierra,2011,,-0.3,0.4,-0.1,,
3946,Moises Sierra,2012,-0.3,0.4,-0.1,,,
3954,Nic Jackson,2001,,,,,,
3954,Nic Jackson,2002,,,,,,
3954,Nic Jackson,2003,,,,,,
3954,Nic Jackson,2004,,,,,,
3956,Rocco Baldelli,2001,,,1.8,2.2,,3.4
3956,Rocco Baldelli,2002,,1.8,2.2,,3.4,-0.2
3956,Rocco Baldelli,2003,1.8,2.2,,3.4,-0.2,0.3
3973,Andrew Pullin,2013,,,,,,
3978,Michael Goss,2003,,,,,,
3982,Sean Doolittle,2009,,,,1.6,1.6,2.5
3982,Sean Doolittle,2010,,,1.6,1.6,2.5,0.3
3982,Sean Doolittle,2011,,1.6,1.6,2.5,0.3,0.6
4002,Grant Green,2012,,-0.1,-0.2,-0.5,-0.2,-0.1
4002,Grant Green,2013,-0.1,-0.2,-0.5,-0.2,-0.1,
4005,Cameron Perkins,2014,,,,-0.7,,
4006,Donavan Tate,2010,,,,,,
4006,Donavan Tate,2011,,,,,,
4006,Donavan Tate,2012,,,,,,
4009,Brian Cole,2001,,,,,,
4010,Kade Johnson,2002,,,,,,
4020,Curt Miaso,2005,,,,,,
4023,Derrick Robinson,2007,,,,,,
4023,Derrick Robinson,2008,,,,,,0.1
4023,Derrick Robinson,2009,,,,,0.1,
4023,Derrick Robinson,2010,,,,0.1,,
4023,Derrick Robinson,2011,,,0.1,,,
4024,Jerry Sands,2010,,0.7,0.0,,-0.2,0.1
4024,Jerry Sands,2011,0.7,0.0,,-0.2,0.1,-0.3
4025,Gary Brown,2011,,,,0.2,,
4025,Gary Brown,2012,,,0.2,,,
4025,Gary Brown,2013,,0.2,,,,
4025,Gary Brown,2014,0.2,,,,,
4027,Slade Heathcott,2010,,,,,,0.5
4027,Slade Heathcott,2011,,,,,0.5,
4027,Slade Heathcott,2012,,,,0.5,,
4027,Slade Heathcott,2013,,,0.5,,,
4027,Slade Heathcott,2014,,0.5,,,,
4028,Eddie Rosario,2011,,,,,2.4,0.8
4028,Eddie Rosario,2012,,,,2.4,0.8,2.6
4028,Eddie Rosario,2013,,,2.4,0.8,2.6,3.5
4028,Eddie Rosario,2014,,2.4,0.8,2.6,3.5,1.2
4030,Manuel Margot,2013,,,,0.2,1.9,0.6
4030,Manuel Margot,2014,,,0.2,1.9,0.6,1.6
4033,Jermaine Clark,2003,-0.3,-0.4,0.0,,,
4049,J.P. Ramirez,2009,,,,,,
4049,J.P. Ramirez,2010,,,,,,
4049,J.P. Ramirez,2011,,,,,,
4052,Jose Pujols,2014,,,,,,
4055,Mike Hill,2001,,,,,,
4055,Mike Hill,2002,,,,,,
4061,Brandon Watson,2002,,,,0.0,-0.5,0.1
4061,Brandon Watson,2003,,,0.0,-0.5,0.1,
4061,Brandon Watson,2004,,0.0,-0.5,0.1,,
4061,Brandon Watson,2005,0.0,-0.5,0.1,,,
4061,Brandon Watson,2006,-0.5,0.1,,,,
4063,Javon Moran,2004,,,,,,
4063,Javon Moran,2005,,,,,,
4063,Javon Moran,2006,,,,,,
4064,Seth Smith,2005,,,0.3,0.0,2.8,1.3
4064,Seth Smith,2006,,0.3,0.0,2.8,1.3,1.2
4064,Seth Smith,2007,0.3,0.0,2.8,1.3,1.2,1.5
4064,Seth Smith,2008,0.0,2.8,1.3,1.2,1.5,0.7
4064,Seth Smith,2009,2.8,1.3,1.2,1.5,0.7,2.7
4065,Jamie Romak,2007,,,,,,
4065,Jamie Romak,2008,,,,,,
4065,Jamie Romak,2009,,,,,,-0.3
4071,Kyle Parker,2011,,,,-0.3,-0.8,
4071,Kyle Parker,2012,,,-0.3,-0.8,,
4071,Kyle Parker,2013,,-0.3,-0.8,,,
4071,Kyle Parker,2014,-0.3,-0.8,,,,
4080,B.J. Szymanski,2005,,,,,,
4080,B.J. Szymanski,2006,,,,,,
4080,B.J. Szymanski,2007,,,,,,
4084,Darren Ford,2007,,,,0.0,0.2,
4084,Darren Ford,2008,,,0.0,0.2,,
4084,Darren Ford,2010,0.0,0.2,,,,
4084,Darren Ford,2011,0.2,,,,,
4086,Erik Komatsu,2011,,-0.4,,,,
4088,Everett Williams,2010,,,,,,
4088,Everett Williams,2011,,,,,,
4093,Wuilmer Becerra,2013,,,,,,
4104,Aaron Hicks,2009,,,,,0.4,0.1
4104,Aaron Hicks,2010,,,,0.4,0.1,2.0
4104,Aaron Hicks,2011,,,0.4,0.1,2.0,-0.2
4104,Aaron Hicks,2012,,0.4,0.1,2.0,-0.2,3.4
4104,Aaron Hicks,2013,0.4,0.1,2.0,-0.2,3.4,5.0
4108,Josh Hart,2014,,,,,,
4112,Ervin Alcantara,2005,,,,,,
4113,Matt Murton,2004,,1.6,2.8,0.8,-0.2,0.0
4113,Matt Murton,2005,1.6,2.8,0.8,-0.2,0.0,
4114,Brett Carroll,2007,-0.4,0.0,1.3,0.2,-0.1,0.0
4114,Brett Carroll,2008,0.0,1.3,0.2,-0.1,0.0,
4115,Mike Conroy,2002,,,,,,
4118,Joe Dickerson,2006,,,,,,
4118,Joe Dickerson,2007,,,,,,
4118,Joe Dickerson,2008,,,,,,
4118,Joe Dickerson,2009,,,,,,
4119,Kieron Pope,2006,,,,,,
4119,Kieron Pope,2007,,,,,,
4119,Kieron Pope,2008,,,,,,
4124,Daylan Holt,2001,,,,,,
4124,Daylan Holt,2002,,,,,,
4126,Jim Kavourias,2002,,,,,,
4128,Tony Gwynn,2004,,,-0.4,0.3,0.1,2.4
4128,Tony Gwynn,2005,,-0.4,0.3,0.1,2.4,2.0
4128,Tony Gwynn,2007,0.3,0.1,2.4,2.0,1.6,-0.5
4133,Drew Stubbs,2007,,,1.4,3.3,2.2,1.3
4133,Drew Stubbs,2008,,1.4,3.3,2.2,1.3,1.1
4133,Drew Stubbs,2009,1.4,3.3,2.2,1.3,1.1,2.7
4144,Matt Lemanczyk,2004,,,,,,
4149,Alexi Ogando,2005,,,,,,0.9
4154,Marc Krauss,2010,,,,-0.1,-0.6,-1.0
4154,Marc Krauss,2011,,,-0.1,-0.6,-1.0,
4154,Marc Krauss,2012,,-0.1,-0.6,-1.0,,
4155,Guillermo Pimentel,2010,,,,,,
4155,Guillermo Pimentel,2011,,,,,,
4155,Guillermo Pimentel,2012,,,,,,
4155,Guillermo Pimentel,2014,,,,,,
4156,Victor Reyes,2014,,,,,-1.0,1.6
4162,Frank Diaz,2004,,,,,,
4162,Frank Diaz,2006,,,,,,
4162,Frank Diaz,2007,,,,,,
4168,Matt Sulentic,2007,,,,,,
4168,Matt Sulentic,2008,,,,,,
4168,Matt Sulentic,2009,,,,,,
4169,Scott Schebler,2011,,,,,0.4,0.7
4169,Scott Schebler,2014,,0.4,0.7,1.1,1.1,-0.6
4170,Robert Stratton,2001,,,,,,
4170,Robert Stratton,2002,,,,,,
4187,Andy Thompson,2001,,,,,,
4188,Keith Reed,2001,,,,,-0.2,
4188,Keith Reed,2002,,,,-0.2,,
4188,Keith Reed,2003,,,-0.2,,,
4190,Alan Moye,2002,,,,,,
4190,Alan Moye,2003,,,,,,
4191,Jordan Parraz,2005,,,,,,
4191,Jordan Parraz,2007,,,,,,
4191,Jordan Parraz,2008,,,,,,
4191,Jordan Parraz,2010,,,,,,
4192,Adron Chambers,2011,0.0,-0.1,-0.4,,,
4192,Adron Chambers,2012,-0.1,-0.4,,,,
4197,Brandon Miller,2013,,,,,,
4210,Bubba Bell,2008,,,,,,
4213,Jason Pridie,2003,,,,,,-0.3
4213,Jason Pridie,2004,,,,,-0.3,0.0
4213,Jason Pridie,2005,,,,-0.3,0.0,
4213,Jason Pridie,2006,,,-0.3,0.0,,0.7
4213,Jason Pridie,2008,-0.3,0.0,,0.7,0.1,-0.3
4218,Starling Marte,2010,,,0.2,4.3,4.5,3.3
4218,Starling Marte,2011,,0.2,4.3,4.5,3.3,3.7
4218,Starling Marte,2012,0.2,4.3,4.5,3.3,3.7,1.4
4225,Romelio Lopez,2003,,,,,,
4229,Andrew McCutchen,2006,,,,3.4,3.4,5.4
4229,Andrew McCutchen,2007,,,3.4,3.4,5.4,7.3
4229,Andrew McCutchen,2008,,3.4,3.4,5.4,7.3,8.1
4229,Andrew McCutchen,2009,3.4,3.4,5.4,7.3,8.1,7.4
4230,Adrian Cardenas,2012,-0.3,,,,,
4233,Fernando Martinez,2006,,,,-0.4,-0.2,0.0
4233,Fernando Martinez,2007,,,-0.4,-0.2,0.0,0.2
4233,Fernando Martinez,2008,,-0.4,-0.2,0.0,0.2,-0.4
4233,Fernando Martinez,2009,-0.4,-0.2,0.0,0.2,-0.4,
4233,Fernando Martinez,2010,-0.2,0.0,0.2,-0.4,,
4233,Fernando Martinez,2011,0.0,0.2,-0.4,,,
4236,Isaac Galloway,2009,,,,,,
4236,Isaac Galloway,2010,,,,,,
4236,Isaac Galloway,2011,,,,,,
4239,James Baldwin,2011,,,,,,
4239,James Baldwin,2012,,,,,,
4239,James Baldwin,2013,,,,,,
4240,Reggie Golden,2011,,,,,,
4240,Reggie Golden,2012,,,,,,
4241,Max White,2013,,,,,,
4241,Max White,2014,,,,,,
4249,Charlie Fermaint,2004,,,,,,
4249,Charlie Fermaint,2006,,,,,,
4249,Charlie Fermaint,2007,,,,,,
4249,Charlie Fermaint,2008,,,,,,
4259,Lino Garcia,2002,,,,,,
4260,Nolan Reimold,2006,,,,1.1,-0.7,1.3
4260,Nolan Reimold,2007,,,1.1,-0.7,1.3,0.6
4260,Nolan Reimold,2008,,1.1,-0.7,1.3,0.6,-0.9
4260,Nolan Reimold,2009,1.1,-0.7,1.3,0.6,-0.9,0.1
4261,Stephen Chapman,2007,,,,,,
4261,Stephen Chapman,2008,,,,,,
4279,Kenny Lewis,2004,,,,,,
4282,Jon Gaston,2010,,,,,,
4285,Jared Mitchell,2010,,,,,,
4285,Jared Mitchell,2011,,,,,,
4285,Jared Mitchell,2012,,,,,,
4285,Jared Mitchell,2013,,,,,,
4285,Jared Mitchell,2014,,,,,,
4290,Ryan Church,2001,,,,-0.4,1.9,1.9
4290,Ryan Church,2002,,,-0.4,1.9,1.9,2.8
4290,Ryan Church,2003,,-0.4,1.9,1.9,2.8,1.4
4290,Ryan Church,2004,-0.4,1.9,1.9,2.8,1.4,1.0
4290,Ryan Church,2005,1.9,1.9,2.8,1.4,1.0,-0.3
4302,Kole Calhoun,2012,-0.1,1.0,3.4,3.2,3.5,2.1
4302,Kole Calhoun,2013,1.0,3.4,3.2,3.5,2.1,0.0
4307,Austin Dean,2013,,,,,,-0.3
4307,Austin Dean,2014,,,,,-0.3,-0.7
4309,Mitch Jones,2001,,,,,,
4311,Mike Rodriguez,2007,,,,,,
4313,Terrell Alliman,2009,,,,,,
4316,Teoscar Hernandez,2014,,,0.0,0.5,0.3,1.2
4319,Ron Davenport,2001,,,,,,
4319,Ron Davenport,2002,,,,,,
4319,Ron Davenport,2005,,,,,,
4327,Bryce Harper,2011,,4.4,4.1,1.6,9.3,2.9
4327,Bryce Harper,2012,4.4,4.1,1.6,9.3,2.9,4.8
4337,Jorge Cortes,2004,,,,,,
4344,Carlos Gonzalez,2004,,,,,1.0,2.0
4344,Carlos Gonzalez,2005,,,,1.0,2.0,5.7
4344,Carlos Gonzalez,2006,,,1.0,2.0,5.7,3.5
4344,Carlos Gonzalez,2007,,1.0,2.0,5.7,3.5,2.7
4344,Carlos Gonzalez,2008,1.0,2.0,5.7,3.5,2.7,4.5
4348,Stefen Romero,2014,-1.2,0.0,-0.1,,,
4351,Travis Harrison,2014,,,,,,
4356,Joe Gaetti,2006,,,,,,
4357,David Murphy,2004,,,-0.2,1.0,1.8,1.3
4357,David Murphy,2005,,-0.2,1.0,1.8,1.3,1.8
4357,David Murphy,2006,-0.2,1.0,1.8,1.3,1.8,0.6
4357,David Murphy,2007,1.0,1.8,1.3,1.8,0.6,3.4
4357,David Murphy,2008,1.8,1.3,1.8,0.6,3.4,-0.4
4365,Adam Brett Walker,2014,,,,,,
4371,Derry Hammond,2002,,,,,,
4373,Rajai Davis,2005,,-0.2,0.9,0.7,3.5,1.1
4373,Rajai Davis,2006,-0.2,0.9,0.7,3.5,1.1,-0.5
4373,Rajai Davis,2007,0.9,0.7,3.5,1.1,-0.5,0.7
4375,Sebastien Boucher,2006,,,,,,
4388,Anthony Santander,2013,,,,,0.1,-0.4
4388,Anthony Santander,2014,,,,0.1,-0.4,0.7
4389,Choo Freeman,2001,,,,-1.1,0.2,-0.4
4389,Choo Freeman,2002,,,-1.1,0.2,-0.4,
4389,Choo Freeman,2003,,-1.1,0.2,-0.4,,
4389,Choo Freeman,2004,-1.1,0.2,-0.4,,,
4389,Choo Freeman,2005,0.2,-0.4,,,,
4395,Michael Burgess,2008,,,,,,
4395,Michael Burgess,2009,,,,,,
4395,Michael Burgess,2010,,,,,,
4395,Michael Burgess,2011,,,,,,
4400,Ronald Guzman,2012,,,,,,
4404,Gabe Gross,2002,,,-0.1,-0.1,2.4,0.8
4404,Gabe Gross,2003,,-0.1,-0.1,2.4,0.8,2.4
4404,Gabe Gross,2004,-0.1,-0.1,2.4,0.8,2.4,0.6
4404,Gabe Gross,2005,-0.1,2.4,0.8,2.4,0.6,-0.5
4417,Ichiro Suzuki,2001,6.0,4.7,5.7,7.1,3.6,5.6
4418,Mike Colangelo,2001,-0.4,-0.3,,,,
4441,Ben Francisco,2004,,,,0.3,1.7,0.8
4441,Ben Francisco,2008,1.7,0.8,0.4,-0.3,-0.4,-0.5
4443,Will Smith,2001,,,,,,
4443,Will Smith,2002,,,,,,
4443,Will Smith,2003,,,,,,
4443,Will Smith,2004,,,,,,
4448,Natanael Delgado,2014,,,,,,
4453,Andrew Toussaint,2005,,,,,,
4456,Abner Abreu,2009,,,,,,
4456,Abner Abreu,2010,,,,,,
4459,Todd Glaesmann,2010,,,,,,
4459,Todd Glaesmann,2011,,,,,,
4459,Todd Glaesmann,2013,,,,,,
4462,J.J. Davis,2001,,-0.2,-0.1,-0.4,-0.2,
4462,J.J. Davis,2002,-0.2,-0.1,-0.4,-0.2,,
4462,J.J. Davis,2003,-0.1,-0.4,-0.2,,,
4462,J.J. Davis,2004,-0.4,-0.2,,,,
4462,J.J. Davis,2005,-0.2,,,,,
4465,Tony Torcato,2002,-0.1,-0.2,0.3,-0.1,,
4465,Tony Torcato,2003,-0.2,0.3,-0.1,,,
4468,Willy Mota,2005,,,,,,
4469,Wilkin Ramirez,2008,,0.2,,-0.2,,0.0
4469,Wilkin Ramirez,2009,0.2,,-0.2,,0.0,
4469,Wilkin Ramirez,2010,,-0.2,,0.0,,
4474,Bobby Borchering,2012,,,,,,
4480,Jorge Moreno,2001,,,,,,
4486,Brian Fletcher,2012,,,,,,
4486,Brian Fletcher,2013,,,,,,
4491,Dwight Smith,2012,,,,,,0.1
4491,Dwight Smith,2013,,,,,0.1,0.1
4491,Dwight Smith,2014,,,,0.1,0.1,-0.8
4494,Chin-Feng Chen,2001,,-0.1,0.0,0.0,0.0,
4494,Chin-Feng Chen,2002,-0.1,0.0,0.0,0.0,,
4494,Chin-Feng Chen,2003,0.0,0.0,0.0,,,
4494,Chin-Feng Chen,2004,0.0,0.0,,,,
4498,Brent Clevlen,2003,,,,0.4,-0.2,0.1
4498,Brent Clevlen,2004,,,0.4,-0.2,0.1,
4498,Brent Clevlen,2005,,0.4,-0.2,0.1,,0.1
4498,Brent Clevlen,2006,0.4,-0.2,0.1,,0.1,
4498,Brent Clevlen,2007,-0.2,0.1,,0.1,,
4498,Brent Clevlen,2008,0.1,,0.1,,,
4499,Nick Kimpton,2003,,,,,,
4504,Cory Harrilchak,2011,,,,,,
4513,Nate McLouth,2002,,,,0.4,-0.1,1.5
4513,Nate McLouth,2003,,,0.4,-0.1,1.5,3.8
4513,Nate McLouth,2004,,0.4,-0.1,1.5,3.8,3.2
4513,Nate McLouth,2005,0.4,-0.1,1.5,3.8,3.2,-1.4
4513,Nate McLouth,2006,-0.1,1.5,3.8,3.2,-1.4,0.0
4524,Gary Johnson,2001,,,0.0,,,
4525,Jon Armitage,2004,,,,,,
4527,Will Venable,2007,,0.8,1.8,2.3,1.7,2.3
4527,Will Venable,2008,0.8,1.8,2.3,1.7,2.3,2.6
4527,Will Venable,2009,1.8,2.3,1.7,2.3,2.6,0.7
4533,Kelvin De Leon,2009,,,,,,
4533,Kelvin De Leon,2010,,,,,,
4534,Jae-Hoon Ha,2011,,,,,,
4534,Jae-Hoon Ha,2012,,,,,,
4542,Laynce Nix,2002,,0.0,0.9,0.3,-0.3,-0.3
4542,Laynce Nix,2003,0.0,0.9,0.3,-0.3,-0.3,-0.1
4548,Shane Robinson,2007,,,-0.2,,-0.2,0.5
4548,Shane Robinson,2009,-0.2,,-0.2,0.5,0.8,-0.4
4549,Desmond Jennings,2007,,,,0.1,2.5,3.2
4549,Desmond Jennings,2008,,,0.1,2.5,3.2,3.1
4549,Desmond Jennings,2009,,0.1,2.5,3.2,3.1,2.7
4549,Desmond Jennings,2010,0.1,2.5,3.2,3.1,2.7,0.3
4549,Desmond Jennings,2011,2.5,3.2,3.1,2.7,0.3,-0.1
4555,Tony Mota,2001,,,,,,
4556,Humberto Aliendo,2001,,,,,,
4565,Yamaico Navarro,2012,-0.4,-0.1,,,,
4566,Vinnie Catricala,2012,,,,,,
4566,Vinnie Catricala,2013,,,,,,
4567,Tyson Gillies,2009,,,,,,
4567,Tyson Gillies,2010,,,,,,
4567,Tyson Gillies,2011,,,,,,
4567,Tyson Gillies,2013,,,,,,
4570,Covelli Crisp,2002,0.1,0.6,4.0,5.2,0.9,4.4
4570,Covelli Crisp,2003,0.6,4.0,5.2,0.9,4.4,1.7
4573,Steven Tolleson,2009,,0.1,,-0.4,,0.1
4574,Stephen Vogt,2011,,-0.5,0.3,1.4,1.8,0.3
4574,Stephen Vogt,2012,-0.5,0.3,1.4,1.8,0.3,0.0
4576,Paulo Orlando,2007,,,,,,
4584,Engel Beltre,2007,,,,,,
4584,Engel Beltre,2008,,,,,,-0.1
4584,Engel Beltre,2009,,,,,-0.1,
4584,Engel Beltre,2010,,,,-0.1,,
4584,Engel Beltre,2011,,,-0.1,,,
4584,Engel Beltre,2014,,,,,,
4587,Shawn Garrett,2003,,,,,,
4588,Joey Gomes,2003,,,,,,
4593,Jermaine Mitchell,2007,,,,,,
4593,Jermaine Mitchell,2008,,,,,,
4593,Jermaine Mitchell,2012,,,,,,
4598,Brian Goodwin,2012,,,,,-0.1,0.5
4598,Brian Goodwin,2013,,,,-0.1,0.5,0.6
4598,Brian Goodwin,2014,,,-0.1,0.5,0.6,1.9
4604,J.J. Johnson,2002,,,,,,
4604,J.J. Johnson,2003,,,,,,
4611,Carlos Moncrief,2014,,,,-0.3,,
4615,Larry Bigbie,2001,-0.1,-0.3,0.7,1.5,-0.2,-0.1
4631,Luis Garcia,2003,,,,,,
4634,Aron Weston,2001,,,,,,
4634,Aron Weston,2002,,,,,,
4639,Drew Rundle,2007,,,,,,
4648,Justin Maxwell,2006,,0.1,,0.9,0.3,
4648,Justin Maxwell,2007,0.1,,0.9,0.3,,1.9
4648,Justin Maxwell,2008,,0.9,0.3,,1.9,0.8
4648,Justin Maxwell,2009,0.9,0.3,,1.9,0.8,-0.8
4648,Justin Maxwell,2010,0.3,,1.9,0.8,-0.8,-0.2
4652,Josue Calzado,2007,,,,,,
4656,Ariel Sandoval,2014,,,,,,
4661,Paul Weichard,2001,,,,,,
4662,Jesus Cota,2003,,,,,,
4662,Jesus Cota,2004,,,,,,
4663,Dave Krynzel,2001,,,,0.2,-0.2,
4663,Dave Krynzel,2002,,,0.2,-0.2,,
4663,Dave Krynzel,2003,,0.2,-0.2,,,
4663,Dave Krynzel,2004,0.2,-0.2,,,,
4663,Dave Krynzel,2005,-0.2,,,,,
4663,Dave Krynzel,2006,,,,,,
4664,Vince Sinisi,2004,,,,,,
4664,Vince Sinisi,2005,,,,,,
4664,Vince Sinisi,2006,,,,,,
4666,Brian Horwitz,2006,,,0.0,,,
4666,Brian Horwitz,2007,,0.0,,,,
4666,Brian Horwitz,2008,0.0,,,,,
4670,Greg Burns,2005,,,,,,
4670,Greg Burns,2007,,,,,,
4670,Greg Burns,2008,,,,,,
4670,Greg Burns,2009,,,,,,
4670,Greg Burns,2010,,,,,,
4672,Dariel Alvarez,2014,,0.1,0.1,,,
4684,Mike Stanton,2008,,,2.6,4.2,5.0,2.9
4684,Mike Stanton,2009,,2.6,4.2,5.0,2.9,6.8
4684,Mike Stanton,2010,2.6,4.2,5.0,2.9,6.8,3.5
4688,Todd Self,2004,,-0.3,,,,
4691,Adam Dunn,2001,2.1,4.1,1.6,5.3,3.3,1.5
4694,Jason Delaney,2008,,,,,,
4696,Brandon Roberts,2006,,,,,,
4696,Brandon Roberts,2007,,,,,,
4708,Matt Cepicky,2001,,-0.3,0.0,-0.1,0.0,-0.4
4708,Matt Cepicky,2003,0.0,-0.1,0.0,-0.4,,
4710,Tony Blanco,2005,-0.6,,,,,
4711,Sheldon Fulse,2001,,,,,,
4717,Eric Thames,2010,,0.7,-0.8,,,
4717,Eric Thames,2011,0.7,-0.8,,,,
4718,Michael Choice,2011,,,0.0,-2.0,-0.1,
4718,Michael Choice,2012,,0.0,-2.0,-0.1,,
4718,Michael Choice,2013,0.0,-2.0,-0.1,,,
4718,Michael Choice,2014,-2.0,-0.1,,,,
4727,Marcus Davis,2008,,,,,,
4733,Jon Garcia,2010,,,,,,
4733,Jon Garcia,2011,,,,,,
4733,Jon Garcia,2012,,,,,,
4733,Jon Garcia,2014,,,,,,
4739,Bo Flowers,2005,,,,,,
4746,Marcell Ozuna,2010,,,,1.6,4.5,1.5
4746,Marcell Ozuna,2011,,,1.6,4.5,1.5,2.4
4746,Marcell Ozuna,2012,,1.6,4.5,1.5,2.4,5.0
4746,Marcell Ozuna,2013,1.6,4.5,1.5,2.4,5.0,2.8
4749,Courtney Hawkins,2013,,,,,,
4749,Courtney Hawkins,2014,,,,,,
4760,Juan Perez,2011,,,1.2,-0.5,-0.1,
4760,Juan Perez,2013,1.2,-0.5,-0.1,,,
4760,Juan Perez,2014,-0.5,-0.1,,,,
4762,Lane Adams,2014,-0.1,,,0.7,0.3,
4766,Luigi Rodriguez,2011,,,,,,
4766,Luigi Rodriguez,2012,,,,,,
4766,Luigi Rodriguez,2013,,,,,,
4766,Luigi Rodriguez,2014,,,,,,
4768,Xavier Nady,2003,1.4,-0.1,0.8,0.2,0.5,3.0
4772,Jarod Rine,2005,,,,,,
4774,Clete Thomas,2006,,,0.1,1.2,,
4774,Clete Thomas,2007,,0.1,1.2,,,0.0
4774,Clete Thomas,2008,0.1,1.2,,,0.0,-0.1
4774,Clete Thomas,2009,1.2,,,0.0,-0.1,
4775,Felix Perez,2011,,,,,,
4776,Yeison Asencio,2013,,,,,,
4776,Yeison Asencio,2014,,,,,,
4787,Austin McClune,2008,,,,,,
4797,Zach Daeges,2009,,,,,,
4810,Darnell McDonald,2001,,,,-0.1,,
4810,Darnell McDonald,2003,,-0.1,,,-0.2,
4810,Darnell McDonald,2004,-0.1,,,-0.2,,-0.1
4811,Valentino Pascucci,2001,,,,-0.4,,
4811,Valentino Pascucci,2002,,,-0.4,,,
4811,Valentino Pascucci,2003,,-0.4,,,,
4811,Valentino Pascucci,2004,-0.4,,,,,
4815,Trevor Crowe,2006,,,,0.0,-0.6,0.1
4815,Trevor Crowe,2007,,,0.0,-0.6,0.1,
4815,Trevor Crowe,2008,,0.0,-0.6,0.1,,-0.3
4815,Trevor Crowe,2009,0.0,-0.6,0.1,,-0.3,
4816,Nick Markakis,2004,,,2.0,4.1,6.1,2.2
4816,Nick Markakis,2005,,2.0,4.1,6.1,2.2,2.5
4816,Nick Markakis,2006,2.0,4.1,6.1,2.2,2.5,1.5
4817,Scott Moore,2008,0.0,,0.0,,0.6,
4818,Yuber Rodriguez,2005,,,,,,
4818,Yuber Rodriguez,2006,,,,,,
4834,Travis Buck,2006,,2.2,0.9,0.0,-0.4,0.1
4834,Travis Buck,2007,2.2,0.9,0.0,-0.4,0.1,0.0
4835,Josh Flores,2006,,,,,,
4835,Josh Flores,2007,,,,,,
4835,Josh Flores,2008,,,,,,
4835,Josh Flores,2009,,,,,,
4839,Michael Reed,2012,,,,0.0,-0.1,
4841,John-Ford Griffin,2002,,,,0.1,,0.1
4841,John-Ford Griffin,2003,,,0.1,,0.1,
4841,John-Ford Griffin,2004,,0.1,,0.1,,
4841,John-Ford Griffin,2005,0.1,,0.1,,,
4841,John-Ford Griffin,2006,,0.1,,,,
4851,Michael Saunders,2006,,,,-0.1,0.6,-0.5
4851,Michael Saunders,2007,,,-0.1,0.6,-0.5,2.4
4851,Michael Saunders,2008,,-0.1,0.6,-0.5,2.4,1.7
4851,Michael Saunders,2009,-0.1,0.6,-0.5,2.4,1.7,1.9
4851,Michael Saunders,2010,0.6,-0.5,2.4,1.7,1.9,0.0
4858,Lewin Diaz,2014,,,,,,
4864,Sam Fuld,2007,0.0,,0.6,-0.2,1.8,0.5
4864,Sam Fuld,2008,,0.6,-0.2,1.8,0.5,-0.5
4864,Sam Fuld,2010,-0.2,1.8,0.5,-0.5,1.9,0.1
4875,Sebastian Elizalde,2014,,,,,,
4883,Quintin Berry,2008,,,,,1.0,0.4
4883,Quintin Berry,2009,,,,1.0,0.4,0.0
4884,Kellen Kulbacki,2008,,,,,,
4884,Kellen Kulbacki,2009,,,,,,
4884,Kellen Kulbacki,2010,,,,,,
4885,Ryan LaMarre,2011,,,,,-0.3,-0.1
4885,Ryan LaMarre,2012,,,,-0.3,-0.1,-0.1
4885,Ryan LaMarre,2013,,,-0.3,-0.1,-0.1,0.7
4888,Elier Hernandez,2012,,,,,,
4888,Elier Hernandez,2013,,,,,,
4888,Elier Hernandez,2014,,,,,,
4891,Jonny Gomes,2002,,-0.2,-0.4,2.7,-0.2,0.6
4891,Jonny Gomes,2003,-0.2,-0.4,2.7,-0.2,0.6,-0.9
4891,Jonny Gomes,2004,-0.4,2.7,-0.2,0.6,-0.9,1.0
4891,Jonny Gomes,2005,2.7,-0.2,0.6,-0.9,1.0,-0.2
4902,Michael Crouse,2012,,,,,,
4904,Jacob Anderson,2012,,,,,,
4907,Wes Bankston,2003,,,,,,-0.3
4907,Wes Bankston,2004,,,,,-0.3,
4907,Wes Bankston,2005,,,,-0.3,,
4908,Rudy Guillen,2003,,,,,,
4908,Rudy Guillen,2004,,,,,,
4908,Rudy Guillen,2005,,,,,,
4908,Rudy Guillen,2006,,,,,,
4910,Casper Wells,2009,,1.3,1.5,1.0,-1.4,
4910,Casper Wells,2010,1.3,1.5,1.0,-1.4,,
4910,Casper Wells,2011,1.5,1.0,-1.4,,,
4918,Brett Casper,2001,,,,,,
4921,Jeff Salazar,2004,,,-0.1,0.5,-0.2,-0.3
4921,Jeff Salazar,2005,,-0.1,0.5,-0.2,-0.3,
4921,Jeff Salazar,2006,-0.1,0.5,-0.2,-0.3,,
4925,Joel Guzman,2005,,0.0,-0.2,,,
4925,Joel Guzman,2006,0.0,-0.2,,,,
4925,Joel Guzman,2007,-0.2,,,,,
4926,Chris Herrmann,2012,-0.4,-0.1,-0.8,-0.6,1.0,-1.0
4926,Chris Herrmann,2013,-0.1,-0.8,-0.6,1.0,-1.0,0.6
4929,Angel Morales,2009,,,,,,
4929,Angel Morales,2010,,,,,,
4929,Angel Morales,2011,,,,,,
4936,Joe Borchard,2001,,-0.2,-0.4,-1.2,0.1,0.3
4936,Joe Borchard,2002,-0.2,-0.4,-1.2,0.1,0.3,0.0
4936,Joe Borchard,2003,-0.4,-1.2,0.1,0.3,0.0,
4936,Joe Borchard,2004,-1.2,0.1,0.3,0.0,,
4937,Nick Swisher,2003,,0.0,2.2,3.9,4.0,1.1
4937,Nick Swisher,2004,0.0,2.2,3.9,4.0,1.1,3.0
4937,Nick Swisher,2005,2.2,3.9,4.0,1.1,3.0,4.4
4949,Sean Pierce,2002,,,,,,
4950,Danny Rombley,2001,,,,,,
4951,Jay Garthwaite,2004,,,,,,
4955,Corey Brown,2008,,,,-0.1,0.1,0.1
4955,Corey Brown,2009,,,-0.1,0.1,0.1,0.0
4955,Corey Brown,2010,,-0.1,0.1,0.1,0.0,
4955,Corey Brown,2011,-0.1,0.1,0.1,0.0,,
4955,Corey Brown,2013,0.1,0.0,,,,
4958,Juan Portes,2006,,,,,,
4965,Kyle Waldrop,2011,,,,,0.0,-0.1
4965,Kyle Waldrop,2012,,,,0.0,-0.1,
4965,Kyle Waldrop,2013,,,0.0,-0.1,,
4967,Willie Bloomquist,2003,0.5,-0.8,0.4,0.4,-0.3,0.5
4970,Cody Nowlin,2001,,,,,,
4976,Julian Yan,2013,,,,,,
4977,Eloy Jimenez,2014,,,,,,1.9
4979,Nook Logan,2001,,,,0.6,1.6,0.5
4979,Nook Logan,2002,,,0.6,1.6,0.5,0.5
4979,Nook Logan,2003,,0.6,1.6,0.5,0.5,
4979,Nook Logan,2004,0.6,1.6,0.5,0.5,,
4991,Keury De La Cruz,2013,,,,,,
4993,Jason Alfaro,2005,,,,,,
4999,Mike Butia,2005,,,,,,
5002,Craig Gentry,2010,-0.2,1.7,2.5,3.0,1.3,-0.7
5007,Justin Reed,2007,,,,,,
5010,Leonardo Fuentes,2012,,,,,,
5013,Carlos Valderrama,2001,,,-0.2,,,
5013,Carlos Valderrama,2002,,-0.2,,,,
5013,Carlos Valderrama,2003,-0.2,,,,,
5013,Carlos Valderrama,2004,,,,,,
5014,Shane Victorino,2001,,,-0.2,,0.1,2.7
5014,Shane Victorino,2002,,-0.2,,0.1,2.7,2.8
5014,Shane Victorino,2003,-0.2,,0.1,2.7,2.8,4.3
5014,Shane Victorino,2005,0.1,2.7,2.8,4.3,3.4,3.1
5014,Shane Victorino,2006,2.7,2.8,4.3,3.4,3.1,5.6
5019,Mikie Mahtook,2012,,,,1.5,-1.0,1.6
5019,Mikie Mahtook,2013,,,1.5,-1.0,1.6,-0.2
5019,Mikie Mahtook,2014,,1.5,-1.0,1.6,-0.2,-0.6
5032,Bill McCarthy,2003,,,,,,
5032,Bill McCarthy,2005,,,,,,
5033,Eric Reed,2003,,,,-0.1,-0.4,
5033,Eric Reed,2004,,,-0.1,-0.4,,
5033,Eric Reed,2005,,-0.1,-0.4,,,
5033,Eric Reed,2006,-0.1,-0.4,,,,
5035,Brett Eibner,2011,,,,,,0.0
5035,Brett Eibner,2012,,,,,0.0,-0.1
5035,Brett Eibner,2013,,,,0.0,-0.1,
5035,Brett Eibner,2014,,,0.0,-0.1,,
5040,Charlie Tilson,2012,,,,,0.0,
5040,Charlie Tilson,2013,,,,0.0,,-0.6
5040,Charlie Tilson,2014,,,0.0,,-0.6,-0.2
5041,Bralin Jackson,2013,,,,,,
5046,Chris Snelling,2001,,-0.4,,,0.4,0.5
5046,Chris Snelling,2002,-0.4,,,0.4,0.5,-0.3
5046,Chris Snelling,2003,,,0.4,0.5,-0.3,0.2
5046,Chris Snelling,2004,,0.4,0.5,-0.3,0.2,
5046,Chris Snelling,2005,0.4,0.5,-0.3,0.2,,
5046,Chris Snelling,2006,0.5,-0.3,0.2,,,
5056,Yoel Araujo,2011,,,,,,
5069,Carlos Gomez,2005,,,0.3,2.7,1.0,0.4
5069,Carlos Gomez,2006,,0.3,2.7,1.0,0.4,2.2
5069,Carlos Gomez,2007,0.3,2.7,1.0,0.4,2.2,2.6
5069,Carlos Gomez,2008,2.7,1.0,0.4,2.2,2.6,6.7
5070,Koby Clemens,2010,,,,,,
5074,Jake Cave,2012,,,,,,
5074,Jake Cave,2014,,,,,1.4,0.9
5081,Chris Rahl,2007,,,,,,
5086,A.J. Pollock,2010,,,0.0,2.3,2.9,6.8
5086,A.J. Pollock,2011,,0.0,2.3,2.9,6.8,0.4
5086,A.J. Pollock,2012,0.0,2.3,2.9,6.8,0.4,2.2
5086,A.J. Pollock,2013,2.3,2.9,6.8,0.4,2.2,2.6
5089,Christian Yelich,2011,,,1.8,4.1,2.4,5.4
5089,Christian Yelich,2012,,1.8,4.1,2.4,5.4,4.6
5089,Christian Yelich,2013,1.8,4.1,2.4,5.4,4.6,7.6
5095,Jason Cooper,2004,,,,,,
5095,Jason Cooper,2005,,,,,,
5095,Jason Cooper,2006,,,,,,
5098,Adam Eaton,2011,,0.8,0.3,3.7,3.9,5.9
5098,Adam Eaton,2012,0.8,0.3,3.7,3.9,5.9,0.5
5098,Adam Eaton,2013,0.3,3.7,3.9,5.9,0.5,1.9
5099,Kyrell Hudson,2010,,,,,,
5099,Kyrell Hudson,2012,,,,,,
5099,Kyrell Hudson,2013,,,,,,
5107,Gary Varner,2002,,,,,,
5111,Luis Soto,2006,,,,,,
5114,Mike Kvasnicka,2011,,,,,,
5118,Yasiel Puig,2013,3.9,5.5,1.5,1.0,2.9,1.8
5119,Glynn Davis,2012,,,,,,
5119,Glynn Davis,2013,,,,,,
5119,Glynn Davis,2014,,,,,,
5120,Vernon Wells,2001,0.6,1.4,3.8,4.0,3.1,5.8
5121,Mike Mallory,2001,,,,,,
5121,Mike Mallory,2002,,,,,,
5123,Kory Casto,2007,-0.8,-0.6,,,,
5123,Kory Casto,2008,-0.6,,,,,
5132,Brandon Jacobs,2010,,,,,,
5132,Brandon Jacobs,2011,,,,,,
5132,Brandon Jacobs,2012,,,,,,
5132,Brandon Jacobs,2013,,,,,,
5132,Brandon Jacobs,2014,,,,,,
5135,Jeremy Owens,2001,,,,,,
5136,Jeff Duncan,2003,0.2,-0.1,,,,
5137,Fred Lewis,2003,,,,0.2,0.6,2.3
5137,Fred Lewis,2004,,,0.2,0.6,2.3,1.2
5137,Fred Lewis,2005,,0.2,0.6,2.3,1.2,0.4
5137,Fred Lewis,2006,0.2,0.6,2.3,1.2,0.4,0.2
5137,Fred Lewis,2007,0.6,2.3,1.2,0.4,0.2,-0.2
5146,Blake Smith,2010,,,,,,
5146,Blake Smith,2011,,,,,,-0.1
5146,Blake Smith,2012,,,,,-0.1,
5146,Blake Smith,2013,,,,-0.1,,
5148,D'Arby Myers,2007,,,,,,
5148,D'Arby Myers,2008,,,,,,
5150,Adam Engel,2014,,,,-0.8,0.2,0.8
5156,Victor Diaz,2005,-0.1,-0.2,0.0,,,
5158,Brandon Jones,2005,,,-0.2,-0.5,0.1,
5158,Brandon Jones,2006,,-0.2,-0.5,0.1,,
5158,Brandon Jones,2007,-0.2,-0.5,0.1,,,
5158,Brandon Jones,2008,-0.5,0.1,,,,
5163,Wil Myers,2012,,2.3,-0.1,1.0,3.5,0.9
5163,Wil Myers,2013,2.3,-0.1,1.0,3.5,0.9,1.6
5175,Trey Martin,2013,,,,,,
5176,Dalton Pompey,2014,0.2,0.1,0.0,,0.0,
5177,Gabriel Guerrero,2013,,,,,,-0.1
5177,Gabriel Guerrero,2014,,,,,-0.1,
5178,Wilton Martinez,2014,,,,,,
5182,Garrett Atkins,2001,,,-1.0,0.2,1.9,5.4
5183,Shane Costa,2004,,-0.4,0.2,-0.3,,
5183,Shane Costa,2005,-0.4,0.2,-0.3,,,
5183,Shane Costa,2006,0.2,-0.3,,,,
5185,Byron Wiley,2010,,,,,,
5189,Jose Osuna,2012,,,,,,-0.6
5195,Brian Rike,2008,,,,,,
5202,Doug Devore,2002,,,0.3,,,
5210,Chris Heisey,2009,,1.3,1.5,0.8,0.8,0.7
5210,Chris Heisey,2010,1.3,1.5,0.8,0.8,0.7,-0.1
5213,Drew Heid,2011,,,,,,
5216,Zach Cone,2013,,,,,,
5219,Bradley Marquez,2012,,,,,,
5222,Henri Stanley,2003,,,,,,
5222,Henri Stanley,2004,,,,,,
5228,Luis Montanez,2006,,,-0.1,-0.6,-0.7,-0.1
5228,Luis Montanez,2007,,-0.1,-0.6,-0.7,-0.1,
5228,Luis Montanez,2009,-0.6,-0.7,-0.1,,,
5230,Cole Garner,2011,0.0,,,,,
5232,J.T. Restko,2006,,,,,,
5234,Tyler Henson,2011,,,,,,
5235,D.J. Jones,2008,,,,,,
5242,David Espinosa,2005,,,,,,
5251,Nick Weglarz,2006,,,,,,
5251,Nick Weglarz,2008,,,,,,
5251,Nick Weglarz,2009,,,,,,
5251,Nick Weglarz,2010,,,,,,
5251,Nick Weglarz,2011,,,,,,
5251,Nick Weglarz,2012,,,,,,
5262,David Kelton,2002,,-0.2,-0.1,,,
5262,David Kelton,2004,-0.1,,,,,
5262,David Kelton,2005,,,,,,
5268,Matt Esquivel,2004,,,,,,
5270,Corey Shafer,2003,,,,,,
5271,Ben Copeland,2006,,,,,,
5271,Ben Copeland,2007,,,,,,
5271,Ben Copeland,2008,,,,,,
5275,Sergio Morales,2008,,,,,,
5283,Jordan Brown,2007,,,,-0.1,,
5283,Jordan Brown,2010,-0.1,,,-0.1,,
5287,Collin DeLome,2008,,,,,,
5287,Collin DeLome,2009,,,,,,
5287,Collin DeLome,2010,,,,,,
5289,Chris Carter,2009,,-0.8,-0.7,1.5,0.5,1.9
5289,Chris Carter,2010,-0.8,-0.7,1.5,0.5,1.9,0.3
5289,Chris Carter,2011,-0.7,1.5,0.5,1.9,0.3,1.0
5296,Byron Buxton,2013,,,0.1,1.5,3.6,-0.3
5296,Byron Buxton,2014,,0.1,1.5,3.6,-0.3,2.7
5300,Chip Ambres,2001,,,,,-0.6,
5300,Chip Ambres,2002,,,,-0.6,,0.0
5300,Chip Ambres,2003,,,-0.6,,0.0,0.2
5300,Chip Ambres,2004,,-0.6,,0.0,0.2,
5304,Jose Campusano,2007,,,,,,
5307,Michael Taylor,2009,,,-0.3,-0.1,-0.5,0.0
5307,Michael Taylor,2010,,-0.3,-0.1,-0.5,0.0,
5307,Michael Taylor,2011,-0.3,-0.1,-0.5,0.0,,
5307,Michael Taylor,2012,-0.1,-0.5,0.0,,,
5307,Michael Taylor,2013,-0.5,0.0,,,,
5307,Michael Taylor,2014,0.0,,,,,
5312,James Ramsey,2013,,,,,,
5312,James Ramsey,2014,,,,,,
5316,David DeJesus,2003,-0.1,0.7,4.0,4.2,2.2,2.6
5316,David DeJesus,2004,0.7,4.0,4.2,2.2,2.6,3.6
5346,Francisco Guzman,2006,,,,,,
5347,John Mayberry,2006,,,,-0.3,0.2,2.2
5347,John Mayberry,2007,,,-0.3,0.2,2.2,0.0
5347,John Mayberry,2008,,-0.3,0.2,2.2,0.0,-0.1
5347,John Mayberry,2009,-0.3,0.2,2.2,0.0,-0.1,0.5
5353,Khris Davis,2012,,1.3,1.4,1.2,2.4,2.5
5353,Khris Davis,2013,1.3,1.4,1.2,2.4,2.5,2.7
5360,Jason Lane,2001,,0.3,0.3,0.8,1.1,0.4
5360,Jason Lane,2002,0.3,0.3,0.8,1.1,0.4,-0.7
5360,Jason Lane,2003,0.3,0.8,1.1,0.4,-0.7,
5360,Jason Lane,2004,0.8,1.1,0.4,-0.7,,
5362,Jose Garcia,2002,,,,,,
5363,Reid Gorecki,2003,,,,,,
5363,Reid Gorecki,2004,,,,,,-0.3
5363,Reid Gorecki,2005,,,,,-0.3,
5378,Steve Stanley,2003,,,,,,
5379,Cody Ross,2001,,,0.0,,0.0,-0.1
5379,Cody Ross,2002,,0.0,,0.0,-0.1,2.2
5379,Cody Ross,2003,0.0,,0.0,-0.1,2.2,3.5
5379,Cody Ross,2004,,0.0,-0.1,2.2,3.5,1.6
5380,Quan Cosby,2002,,,,,,
5380,Quan Cosby,2003,,,,,,
5380,Quan Cosby,2004,,,,,,
5381,Brad Nelson,2003,,,,,,0.1
5381,Brad Nelson,2004,,,,,0.1,-0.5
5381,Brad Nelson,2005,,,,0.1,-0.5,
5381,Brad Nelson,2006,,,0.1,-0.5,,
5387,Mitch Haniger,2013,,,,0.3,2.5,4.5
5387,Mitch Haniger,2014,,,0.3,2.5,4.5,1.1
5393,Gregor Blanco,2003,,,,,,1.2
5393,Gregor Blanco,2004,,,,,1.2,-0.3
5393,Gregor Blanco,2005,,,,1.2,-0.3,1.0
5394,Leonard Davis,2009,,,,,,
5403,Christian Colonel,2009,,,,,,
5404,Willy Taveras,2001,,,,-0.1,2.2,3.3
5404,Willy Taveras,2002,,,-0.1,2.2,3.3,0.9
5404,Willy Taveras,2004,-0.1,2.2,3.3,0.9,-0.2,0.1
5404,Willy Taveras,2005,2.2,3.3,0.9,-0.2,0.1,-0.2
5411,Jairo Beras,2013,,,,,,
5411,Jairo Beras,2014,,,,,,
5421,Matt Miller,2006,,,,,,
5421,Matt Miller,2007,,,,,,
5429,Mike Lockwood,2001,,,,,,
5429,Mike Lockwood,2002,,,,,,
5430,Jason Repko,2003,,,0.7,0.4,,0.0
5430,Jason Repko,2005,0.7,0.4,,0.0,-0.1,1.6
5432,Michael Bourn,2004,,,-0.1,1.0,0.0,4.7
5432,Michael Bourn,2005,,-0.1,1.0,0.0,4.7,4.4
5432,Michael Bourn,2006,-0.1,1.0,0.0,4.7,4.4,3.7
5432,Michael Bourn,2007,1.0,0.0,4.7,4.4,3.7,5.3
5432,Michael Bourn,2008,0.0,4.7,4.4,3.7,5.3,1.7
5434,Carlos Duran,2002,,,,,,
5434,Carlos Duran,2003,,,,,,
5434,Carlos Duran,2004,,,,,,
5450,Jose Vasquez,2001,,,,,,
5450,Jose Vasquez,2002,,,,,,
5450,Jose Vasquez,2003,,,,,,
5451,Brad Corley,2006,,,,,,
5451,Brad Corley,2007,,,,,,
5451,Brad Corley,2008,,,,,,
5478,Bryce Brentz,2011,,,,0.0,,-0.2
5478,Bryce Brentz,2012,,,0.0,,-0.2,
5478,Bryce Brentz,2013,,0.0,,-0.2,,
5478,Bryce Brentz,2014,0.0,,-0.2,,,
5494,Ryan DeLaughter,2006,,,,,,
5495,Isaias Asencio,2009,,,,,,
